recommendation_id,game,verdict,excerpt,source_url
232635132,meltopia,negative,"I normally love this kind of thing, but what a massive waste of time. Starts off great but",https://steamcommunity.com/profiles/76561197999920602/recommended/3601800/
230218520,meltopia,negative,TL;DR - A great concept completely undone by terrible progression and bafflingly bad choices in level design. Do,https://steamcommunity.com/profiles/76561198025457267/recommended/3601800/
224743310,meltopia,negative,"Despite sharing some mechanics with your Keep Digging/A Game About Digging a Hole, etc., and indeed adding a",https://steamcommunity.com/profiles/76561198058762117/recommended/3601800/
225106238,meltopia,negative,"What I liked: the intro was funny to me, the animations for upgrading the meltgun and the teslagun",https://steamcommunity.com/profiles/76561199058814874/recommended/3601800/
227029201,meltopia,negative,"Game have solid start, but the more you play the more bugs you encounter. Had to drop it",https://steamcommunity.com/profiles/76561198063463639/recommended/3601800/
231912584,meltopia,negative,"The beginning is great but then after about 1,5 hours or so you unlock a new tool which",https://steamcommunity.com/profiles/76561198003950698/recommended/3601800/
225657714,meltopia,negative,"Has no settings to reduce motion sickness, which made it unplayable for me. Character movement and camera control",https://steamcommunity.com/profiles/76561198022897290/recommended/3601800/
232842897,meltopia,negative,"Once you get the Tesla gun, you need a lot of resilience towards tedious tasks. It slows the",https://steamcommunity.com/profiles/76561197978037893/recommended/3601800/
224555981,meltopia,negative,"I was having a ton of fun, played for 90 minutes, saved, took a nap. Came back and",https://steamcommunity.com/profiles/76561197995175176/recommended/3601800/
224775894,meltopia,negative,"Ok, crashed twice in 30 minutes , crashed HARD. Almost caused a fire. Why ? Because the devs",https://steamcommunity.com/profiles/76561198081189142/recommended/3601800/
232261687,meltopia,negative,"I really wanted to like this game, I've played dozens of similar games, but this one is unfortunately",https://steamcommunity.com/profiles/76561198012507724/recommended/3601800/
232044169,meltopia,negative,"This is a game about melting ice, thats about it. (TLDR, The Dev made a voxel digging system",https://steamcommunity.com/profiles/76561197996108978/recommended/3601800/
232193258,meltopia,negative,I was enjoing myself until I got the Tesla gun. It is complete ass. Slow and uses up,https://steamcommunity.com/profiles/76561198051145994/recommended/3601800/
234140844,meltopia,negative,"Decently fun, but disrespects your time in a very bad way. So much running back and forth and",https://steamcommunity.com/profiles/76561197963914507/recommended/3601800/
224668382,meltopia,negative,"I played for just under 2 hours, hoping the gameplay loop would feel a little better as I",https://steamcommunity.com/profiles/76561198044989441/recommended/3601800/
224740922,meltopia,negative,"Liked it fine until I ran into the New, Harder Snow that took Flamethrower But Different to melt.",https://steamcommunity.com/profiles/76561198014397294/recommended/3601800/
231814120,meltopia,negative,Game is not really a game and more of a dig a hole style system where you upgrade,https://steamcommunity.com/profiles/76561198017477593/recommended/3601800/
232845435,meltopia,negative,Game's pacing is terrible. Like others have said it's pretty fun at first but once you unluck the,https://steamcommunity.com/profiles/76561198022722209/recommended/3601800/
232436566,meltopia,negative,Once you get the tesla gun your first gun is worthless other then heating up a furance or,https://steamcommunity.com/profiles/76561197961527707/recommended/3601800/
225333662,meltopia,negative,"Game lacks content. the game is missing content. You melt snow, collect scrap, sell scrap at a fixed",https://steamcommunity.com/profiles/76561197996366014/recommended/3601800/
226335559,meltopia,negative,It was fun and relaxing until I get the second gun or get to any place with the,https://steamcommunity.com/profiles/76561198839686043/recommended/3601800/
225902427,meltopia,negative,"Its honestly an ""Alright"" game. The concept is good. Fun at first even. But its quiet, theres nothing",https://steamcommunity.com/profiles/76561198027834310/recommended/3601800/
225520385,meltopia,negative,"Honestly I think this is a gem in the rough, potential wise. The areas feel more magical, which",https://steamcommunity.com/profiles/76561198155994008/recommended/3601800/
226273336,meltopia,negative,Game is unplayable after last update. Game locks up after picking second gun.,https://steamcommunity.com/profiles/76561198079757772/recommended/3601800/
231702674,meltopia,negative,This game is bad.... Let me explain. 1. The first 1/3 of the game feels more cohesive and,https://steamcommunity.com/profiles/76561197976948820/recommended/3601800/
232249343,meltopia,negative,"The first hour or two is good, then the developers artificially slow down everything in the name of",https://steamcommunity.com/profiles/76561198002290879/recommended/3601800/
225370049,meltopia,negative,"This game feels incomplete. Gameplay loop is basically the same as ""A Game About Digging A Hole"" (just",https://steamcommunity.com/profiles/76561199069435769/recommended/3601800/
224793480,meltopia,negative,If you're at all interested in this game I think you'll expect a certain level of jank to,https://steamcommunity.com/profiles/76561197998522331/recommended/3601800/
232157220,meltopia,negative,All is well unril you get the tesla and suddenly is a slow painfull grind. almost resetting to,https://steamcommunity.com/profiles/76561197990444676/recommended/3601800/
232141017,meltopia,negative,Painfully slow game loop. Just back-and-forth with resources 'cause your inventory fills up so quickly. It's like A,https://steamcommunity.com/profiles/76561198003396047/recommended/3601800/
224855664,meltopia,negative,"The slowest gameplay for any game I've played in this genre, reading other reviews it seems like the",https://steamcommunity.com/profiles/76561198012498116/recommended/3601800/
224667805,meltopia,negative,"Achievements don't work, they said they fixed it, but in an incremental game fixing achievements should be retroactive,",https://steamcommunity.com/profiles/76561197993679603/recommended/3601800/
232588782,meltopia,negative,"Like a lot of complaints, there's no map. It makes navigating things really difficult and the penalty for",https://steamcommunity.com/profiles/76561198023434238/recommended/3601800/
230207839,meltopia,negative,Too little content for the price. It gets boring after just a couple of hours; everything becomes repetitive,https://steamcommunity.com/profiles/76561198019418105/recommended/3601800/
229660049,meltopia,negative,Left pretty unsatisfied by the end. It has bugs like weapons not working if you get frozen and,https://steamcommunity.com/profiles/76561198031762202/recommended/3601800/
229622088,meltopia,negative,"The game is fine, though it gets VERY repetitive very fast. That's not the biggest issue though, the",https://steamcommunity.com/profiles/76561198000075922/recommended/3601800/
229280187,meltopia,negative,"First few hours had a good gameplay loop: melt ice, upgrade, collect relics, repeat. Then after a few",https://steamcommunity.com/profiles/76561198093523141/recommended/3601800/
225516025,meltopia,negative,I do not recommend this game for anyone running linux at this time. Game is slowly getting better,https://steamcommunity.com/profiles/76561197983902206/recommended/3601800/
225313449,meltopia,negative,"I feel somewhat bad rating not recommended. The game isn't exactly bad, but it's not good either. It's",https://steamcommunity.com/profiles/76561198067357199/recommended/3601800/
229596570,meltopia,negative,"I really like this game, nothing special, just your average ""Wash, rinse, and repeat."" kind of game that",https://steamcommunity.com/profiles/76561198399854877/recommended/3601800/
225405713,meltopia,negative,Not a bad game overall. It’s one of those loop games where you have to dig to upgrade,https://steamcommunity.com/profiles/76561198144186444/recommended/3601800/
228559396,meltopia,negative,Auto save for some reason lags the game so i took it off. After finishing the mammoth skeleton,https://steamcommunity.com/profiles/76561198029863015/recommended/3601800/
229175943,meltopia,negative,lots of different free assets were used which makes everything enviromental detail look weird and out of place.,https://steamcommunity.com/profiles/76561198057506375/recommended/3601800/
226442735,meltopia,negative,"I am having a hard time recommending this game. I didn't hate it, but it feels very much",https://steamcommunity.com/profiles/76561198258419335/recommended/3601800/
226426400,meltopia,negative,Please learn from my and other users' mistake. This game is great up until you get the Tesla,https://steamcommunity.com/profiles/76561198170915222/recommended/3601800/
226198582,meltopia,negative,This takes me back to the time I got frozen when living on Mt. Soupy. It was the,https://steamcommunity.com/profiles/76561198843689583/recommended/3601800/
225051686,meltopia,negative,"The game is not bad but it is very small. There are bugs that are at least fixed,",https://steamcommunity.com/profiles/76561198032649576/recommended/3601800/
224858305,meltopia,negative,"This game has the worst gamepad controls I've ever seen. The toggle sprint doesn't toggle, and your stuck",https://steamcommunity.com/profiles/76561198001913815/recommended/3601800/
230330473,meltopia,negative,Used the flamethrower only for a short period of the time... Then you are stuck with the teslagun,https://steamcommunity.com/profiles/76561198067387476/recommended/3601800/
225229511,meltopia,negative,"Normally, I'd say the game is overall somewhere around 4-5 out of 10. Nothing special, but not too",https://steamcommunity.com/profiles/76561198073787718/recommended/3601800/
234636653,meltopia,negative,"Honestly, no. I gave it a good go, and it was addictive in a bad way. Played for",https://steamcommunity.com/profiles/76561198056676356/recommended/3601800/
234414222,meltopia,negative,I have 45/46 achievements... the ONLY achievement that hasn't unlocked is the achievement for having all the achievements......,https://steamcommunity.com/profiles/76561198022047408/recommended/3601800/
233696660,meltopia,negative,"Honestly, not a terrible game, but quickly devolves into ""melt snow till you reach item cap, go WAY",https://steamcommunity.com/profiles/76561198048245982/recommended/3601800/
233587522,meltopia,negative,The entire game has a feeling like the developer put in the least amount of effort possible. Like,https://steamcommunity.com/profiles/76561197993081468/recommended/3601800/
233540180,meltopia,negative,"A bit of a common complaint, but when you get a second melta, the Tesla gun, basically you",https://steamcommunity.com/profiles/76561198007600571/recommended/3601800/
233378858,meltopia,negative,"It's fun, but the second weapon, the tesla gun, feels just too slow to upgrade. I did push",https://steamcommunity.com/profiles/76561198005184524/recommended/3601800/
233352998,meltopia,negative,"Its a small fun game, but the weapon reset in the middle and the awful ""frozen"" death because",https://steamcommunity.com/profiles/76561198038088544/recommended/3601800/
233200955,meltopia,negative,"Game looks unfinished, and has an AI vibe about it. There is no magic, nothing interesting, all assets",https://steamcommunity.com/profiles/76561198024491278/recommended/3601800/
233112024,meltopia,negative,"The best thing about this game is what it is short. Not the best gameplay, the story is",https://steamcommunity.com/profiles/76561198951474426/recommended/3601800/
233061012,meltopia,negative,THE WORLD IS YOUR OYSTER AND YOU WONT EVEN TAKE YOUR SHOES OFF!!!! ??? The game feels more,https://steamcommunity.com/profiles/76561198072130420/recommended/3601800/
232919652,meltopia,negative,game freezes every auto save. there is an issue with the mouse moving messing up melting. running back,https://steamcommunity.com/profiles/76561198217045463/recommended/3601800/
232825922,meltopia,negative,"This should've been released as Early Access. I finished* it because I was bored, but I wouldn't recommend",https://steamcommunity.com/profiles/76561198052805969/recommended/3601800/
232551143,meltopia,negative,Horrible 2nd weapon takes all the starting progression out,https://steamcommunity.com/profiles/76561198011931375/recommended/3601800/
232387583,meltopia,negative,Kind of stupid. Makes no sense. Play it while you're drunk and have no internet and your legs,https://steamcommunity.com/profiles/76561198132868208/recommended/3601800/
232139691,meltopia,negative,مع الاسف تعتبر حلوه بس فيها عيوب مزعجه اولها بقز واذا جا يحفظ لااااق والثاني الابقريدز اثرها ضعييف,https://steamcommunity.com/profiles/76561198308428570/recommended/3601800/
232092634,meltopia,negative,It was fun at the flamethrower sections where there was lots of interesting stuff to find and new,https://steamcommunity.com/profiles/76561198049266997/recommended/3601800/
231627157,meltopia,negative,"get ""upgraded technology"", don't last as long in the cold. what the hell is this?",https://steamcommunity.com/profiles/76561198351409582/recommended/3601800/
230867034,meltopia,negative,"This game is fun for about half an hour and becomes utterly boring after that, because the game-play",https://steamcommunity.com/profiles/76561197986483347/recommended/3601800/
230759552,meltopia,negative,I got all the achievements I could and it cheated me out of getting the completion trophy.,https://steamcommunity.com/profiles/76561198073066198/recommended/3601800/
230559181,meltopia,negative,The game is very addictive. My perfectionism didnt let me leave even small pieces of the snow in,https://steamcommunity.com/profiles/76561198131450337/recommended/3601800/
229913118,meltopia,negative,Its a buggy mess and the Achievements are bugged. It's a decent way to kill a few hours,https://steamcommunity.com/profiles/76561198041577559/recommended/3601800/
229894821,meltopia,negative,"It's a good premise for an incremental game. It's very big, and at some point I got lost",https://steamcommunity.com/profiles/76561198042042970/recommended/3601800/
229862354,meltopia,negative,a perfect example of why the 2h refund period is a god send,https://steamcommunity.com/profiles/76561198305458348/recommended/3601800/
229748414,meltopia,negative,quickly becomes wildly tedious. but it is fun for like 90 minutes. things that could improve the game:,https://steamcommunity.com/profiles/76561199070382591/recommended/3601800/
229742859,meltopia,negative,"I liked this game initially, but unfortunately, I hit a wall. There seems to be a bug where",https://steamcommunity.com/profiles/76561199389523890/recommended/3601800/
229720156,meltopia,negative,This is absolutly badly developed. Herte is why: 1. The flamethrower feels like a lighter. No range (on,https://steamcommunity.com/profiles/76561197971023886/recommended/3601800/
229715243,meltopia,negative,"Doesn't scale well. First level is pretty fun. Second level is huge, sprawling, takes forever to clear, and",https://steamcommunity.com/profiles/76561198011389899/recommended/3601800/
229414496,meltopia,negative,"The game starts off okay, but after a few hours it becomes a game of running back and",https://steamcommunity.com/profiles/76561198757832547/recommended/3601800/
229379758,meltopia,negative,first and most frustrating: WHAT A HELL WITH AUTOSAVES? its 2026. not 1990. where you had to wait,https://steamcommunity.com/profiles/76561198102967654/recommended/3601800/
229373517,meltopia,negative,I can't recommend it in its current state; the bare minimum I expect from a game is that,https://steamcommunity.com/profiles/76561197972387799/recommended/3601800/
229347541,meltopia,negative,Game itself is a super neat idea on the surplus of digging type games but this is a,https://steamcommunity.com/profiles/76561198167554669/recommended/3601800/
229000430,meltopia,negative,"'-Most tutorial pop ups have no words, so you don't know what they're supposed to be telling you",https://steamcommunity.com/profiles/76561198275957258/recommended/3601800/
228711830,meltopia,negative,"Very fun game to play, and with the update that is announced I do think it will even",https://steamcommunity.com/profiles/76561198157344038/recommended/3601800/
228022977,meltopia,negative,at first its fun until your at the areas where even with maximum heat protection you only last,https://steamcommunity.com/profiles/76561198085201745/recommended/3601800/
227984743,meltopia,negative,Tutorial videos don't work due to using a proprietary video codec (h264) Other than that the game is,https://steamcommunity.com/profiles/76561198530523418/recommended/3601800/
227587782,meltopia,negative,Game was fun until i got to the shovel. Its so painfully slow and there are no upgrades.,https://steamcommunity.com/profiles/76561199102321453/recommended/3601800/
227328163,meltopia,negative,"The game is decent, but in the end it annoys as hell. Have not finished, but I don't",https://steamcommunity.com/profiles/76561198000802991/recommended/3601800/
227216053,meltopia,negative,"Meltopia is not a bad game. It's not a good game either—it's just ""meh"". It's more of what",https://steamcommunity.com/profiles/76561197964109781/recommended/3601800/
227103599,meltopia,negative,"The definition of a game designed to burn your refund window. The game is poorly optimized, and everything",https://steamcommunity.com/profiles/76561198039739165/recommended/3601800/
226921347,meltopia,negative,Honestly.... it was a meh experience,https://steamcommunity.com/profiles/76561197990647554/recommended/3601800/
226722655,meltopia,negative,"Initially was nice to play, but I tend to get lost in such games, and when I get",https://steamcommunity.com/profiles/76561198096363212/recommended/3601800/
226715647,meltopia,negative,Searching takes too long.,https://steamcommunity.com/profiles/76561197985232334/recommended/3601800/
226522316,meltopia,negative,Trash,https://steamcommunity.com/profiles/76561197993010053/recommended/3601800/
226469846,meltopia,negative,"Asset flipped game with bad coding, a lot of bugs, unplayable after the point of getting the tesla",https://steamcommunity.com/profiles/76561198813607373/recommended/3601800/
226404428,meltopia,negative,"Meltopia - Neat Idea, Zero Polish Neat stylized graphics are literally the only positive thing I can say",https://steamcommunity.com/profiles/76561197982343107/recommended/3601800/
226382053,meltopia,negative,Logging in a few days ago I had lost all of my progress. What is the point of,https://steamcommunity.com/profiles/76561198153902997/recommended/3601800/
226191402,meltopia,negative,This is a game about melting snow to go deeper to collect artifacts. there's a few upgrades. First,https://steamcommunity.com/profiles/76561198023056223/recommended/3601800/
226170526,meltopia,negative,first it was a good chill game. now the heat level sinks so fast i cant go for,https://steamcommunity.com/profiles/76561198392615917/recommended/3601800/
226130070,meltopia,negative,"devs rebalanced something, now i lose too much heat going through an area and cant even reach the",https://steamcommunity.com/profiles/76561198103349147/recommended/3601800/
226089882,meltopia,negative,Bought Meltopia expecting an adventure. Instead I got promoted to full-time snow excavation worker. Wake up. Melt snow.,https://steamcommunity.com/profiles/76561198311080338/recommended/3601800/
229904514,meltopia,positive,"Eh I played it, there's not much to it I'd neutral if there was that option. Story is",https://steamcommunity.com/profiles/76561198136806873/recommended/3601800/
227449147,meltopia,positive,"The game is exactly what you thought it was. You melt ice, you upgrade your tools to melt",https://steamcommunity.com/profiles/76561198024408100/recommended/3601800/
224698768,meltopia,positive,Pretty enjoyable so far! I'm a fan of games like Powerwash Sim and stuff like that- but I,https://steamcommunity.com/profiles/76561199058222591/recommended/3601800/
224532706,meltopia,positive,It's a chill game with a simple gameplay loop that doesn't get boring. Looking for various things in,https://steamcommunity.com/profiles/76561198150479475/recommended/3601800/
226104829,meltopia,positive,"Easy, very calm and relaxing game. You have to melt ice and snow in order to get through",https://steamcommunity.com/profiles/76561197977858975/recommended/3601800/
225198707,meltopia,positive,"It's short. I kind of expected more puzzles, or really some puzzles, but I enjoyed this game. I",https://steamcommunity.com/profiles/76561197996471720/recommended/3601800/
228941385,meltopia,positive,"This is one of those games that would deserve a ""Meh"" rating if Steam had it. It's a",https://steamcommunity.com/profiles/76561198066593157/recommended/3601800/
231984785,meltopia,positive,It is a nice diggin (err melting) game. but it has two fatal flaws: 1. you got only,https://steamcommunity.com/profiles/76561198043472327/recommended/3601800/
226288943,meltopia,positive,"A fun little game that takes about 6-7 hours to complete. But, the cutscenes doesn't work with Linux.",https://steamcommunity.com/profiles/76561198190940867/recommended/3601800/
224722890,meltopia,positive,"This game is exactly as you'd expect it. kinda runs like ♥♥♥♥, but regardless of the low frame.",https://steamcommunity.com/profiles/76561198116517426/recommended/3601800/
224608018,meltopia,positive,"If you like melting snow away with a flamethrower, this game is for you. It is oddly satisfying",https://steamcommunity.com/profiles/76561199127030803/recommended/3601800/
228067172,meltopia,positive,Game is well made. It is short but doesn't overstay its welcome. I spent 7 hours fully clearing,https://steamcommunity.com/profiles/76561198039526567/recommended/3601800/
232114602,meltopia,positive,Here are some things I liked and disliked from the game: Things I liked: The game is fun,https://steamcommunity.com/profiles/76561198220371575/recommended/3601800/
224535666,meltopia,positive,The game turned out to be super sticky. I didn't expect it to hook me from the very,https://steamcommunity.com/profiles/76561199050372131/recommended/3601800/
225261958,meltopia,positive,"What can I say... probably the same as the others. It's a relatively short, simple indie game about",https://steamcommunity.com/profiles/76561198055017547/recommended/3601800/
224951395,meltopia,positive,"Game is okay, but couldnt finish it due the absurd amount of crossroads and no guide whatsoever. It",https://steamcommunity.com/profiles/76561198266041843/recommended/3601800/
224611072,meltopia,positive,"its okay, it is chill. You end up being able to max everything out quickly and then thats",https://steamcommunity.com/profiles/76561198044671388/recommended/3601800/
224875881,meltopia,positive,"A simple ""digging"" game, even the tutorials don't really explain much and you have to figure it out.",https://steamcommunity.com/profiles/76561198072441983/recommended/3601800/
229942231,meltopia,positive,I like he nature of the game. The upgrades come at the right pace and it explains most,https://steamcommunity.com/profiles/76561198005608875/recommended/3601800/
225011191,meltopia,positive,Fun times. Enjoyable music and quite the relaxing time,https://steamcommunity.com/profiles/76561198040957132/recommended/3601800/
224538269,meltopia,positive,"Very neat game, progression is nice, differents paths are cool, enjoyed a lot. Will continue exploring. Recommended.",https://steamcommunity.com/profiles/76561198083740942/recommended/3601800/
224660342,meltopia,positive,"Nifty little ""Digging-like"" game, pretty enjoyable, not too long, not too short, very affordably priced. If you like",https://steamcommunity.com/profiles/76561198126842625/recommended/3601800/
224539387,meltopia,positive,Nice and chill first person incremental game.,https://steamcommunity.com/profiles/76561197993141428/recommended/3601800/
224760970,meltopia,positive,The younger brother of Powerwash Simulator. Less polished and less expensive. Worth its price.,https://steamcommunity.com/profiles/76561198079840370/recommended/3601800/
224724824,meltopia,positive,"Great game loop, and exploring all the caves and removing all the snow and ice is very satisfying.",https://steamcommunity.com/profiles/76561197976001354/recommended/3601800/
215591058,super-motherload,negative,I would LOOOVE to give my childhood game a thumbs up BUT. The Goldium version has this bug,https://steamcommunity.com/profiles/76561197999618643/recommended/269110/
226258960,super-motherload,negative,"A dissapointing sequel to the original. As a matter of fact, i prefer the original. This game has",https://steamcommunity.com/profiles/76561198067561923/recommended/269110/
214346956,super-motherload,negative,"This game feels literally incomplete. I really wanted to love it, but there are too many basic issues",https://steamcommunity.com/profiles/76561198057802666/recommended/269110/
221248232,super-motherload,negative,"The game does refresh the original Motherloads gameplay with puzzles and progression, but the game tends to crash",https://steamcommunity.com/profiles/76561198072882121/recommended/269110/
227405012,super-motherload,negative,I primarily bought this for the inclusion of Motherload Goldium Edition which is an .EXE in the files.,https://steamcommunity.com/profiles/76561198217924223/recommended/269110/
214946233,super-motherload,negative,"Wanted to re-play that game for a while, cause had fun when it was made on flash. Glad,",https://steamcommunity.com/profiles/76561198039208153/recommended/269110/
209799132,super-motherload,negative,"Reasonably fun. Probably not worth the price tag. If the price isn't a concern, maybe it's worth trying.",https://steamcommunity.com/profiles/76561198147022335/recommended/269110/
207937090,super-motherload,negative,I feel like this has lost a lot of what made the original so much fun. Also feels,https://steamcommunity.com/profiles/76561198007910733/recommended/269110/
208096817,super-motherload,negative,"Goldium doesn't launch, main game crashes, this is nostalgia cashgrag ass",https://steamcommunity.com/profiles/76561198009431427/recommended/269110/
211848407,super-motherload,negative,"Classic Motherload is awesome. No complaints. Big nostalgia. Super Motherload presented me with rock I cannot dig, and",https://steamcommunity.com/profiles/76561198027628447/recommended/269110/
208816854,super-motherload,negative,"Won't launch, save your money.",https://steamcommunity.com/profiles/76561198031027324/recommended/269110/
203458098,super-motherload,negative,"It has potential, but the video settings are too much of a pain in the arse. You have",https://steamcommunity.com/profiles/76561197971220290/recommended/269110/
202261276,super-motherload,negative,"Fun at first but there's a lot of things that get extremely annoying as you progress, and there's",https://steamcommunity.com/profiles/76561198449556530/recommended/269110/
201853112,super-motherload,negative,"You know, it's fine I guess. But honestly, I really like the aesthetic and the feel of the",https://steamcommunity.com/profiles/76561198019734822/recommended/269110/
199398148,super-motherload,negative,"I enjoyed the first few hours. Drill, gather ore, fly back up to sell and upgrade, repeat. A",https://steamcommunity.com/profiles/76561198025056840/recommended/269110/
198009716,super-motherload,negative,trash game,https://steamcommunity.com/profiles/76561198044916804/recommended/269110/
190123551,super-motherload,negative,"Game does not work, hasn't for months. Why have the devs not fixed this? Why hasn't steam taken",https://steamcommunity.com/profiles/76561198286117024/recommended/269110/
189587770,super-motherload,negative,does not open,https://steamcommunity.com/profiles/76561198047234216/recommended/269110/
188775309,super-motherload,negative,"Does not work on Windows 10, I get a bug they supposedly squashed in 2014 (unknown I/O error",https://steamcommunity.com/profiles/76561198357961896/recommended/269110/
188386254,super-motherload,negative,DO NOT DOWNLOAD What as waste of money. Game wont open for me and turns out for a,https://steamcommunity.com/profiles/76561199127368635/recommended/269110/
188290951,super-motherload,negative,"It may sound bizzare, but the original Motherload game is much more enjoyable to play. Even despite the",https://steamcommunity.com/profiles/76561198050370440/recommended/269110/
187846563,super-motherload,negative,after 3.2 hours of playtime. i can say. no this is frustratingly awful and designed in a way,https://steamcommunity.com/profiles/76561198050542952/recommended/269110/
185720595,super-motherload,negative,"Died during the final escape sequence, and the thought of having to get back down there only to",https://steamcommunity.com/profiles/76561198009168688/recommended/269110/
177380848,super-motherload,negative,Took 10 years for them to make the game worse,https://steamcommunity.com/profiles/76561197996791953/recommended/269110/
176757210,super-motherload,negative,"I bought this game for some coop fun, but the slow progression and a few bugs ruined it.",https://steamcommunity.com/profiles/76561197965388910/recommended/269110/
175413310,super-motherload,negative,,https://steamcommunity.com/profiles/76561199134131086/recommended/269110/
174973433,super-motherload,negative,,https://steamcommunity.com/profiles/76561198052975913/recommended/269110/
169642765,super-motherload,negative,"Game crashes randomly when using explosives, and saves your used items for the final boss fight. The final",https://steamcommunity.com/profiles/76561198182602662/recommended/269110/
169316376,super-motherload,negative,"It was a fun game until it stopped loading, The discussion for the game shows many others with",https://steamcommunity.com/profiles/76561199210035833/recommended/269110/
168715728,super-motherload,negative,no,https://steamcommunity.com/profiles/76561198445806869/recommended/269110/
165950716,super-motherload,negative,no mr. natas,https://steamcommunity.com/profiles/76561198141637633/recommended/269110/
164003818,super-motherload,negative,"The game itself is entertaining, but it does not pose any challenge, just collect minerals to upgrade the",https://steamcommunity.com/profiles/76561198003818180/recommended/269110/
163795740,super-motherload,negative,"While the base game is good, the menus are downright awful, it is nearly impossible to tell what",https://steamcommunity.com/profiles/76561198988574168/recommended/269110/
160080688,super-motherload,negative,.,https://steamcommunity.com/profiles/76561198408920382/recommended/269110/
157009009,super-motherload,negative,"If you are thinking of playing this game to feel nostalgic and experience the classic Motherload, DON'T. It",https://steamcommunity.com/profiles/76561198005403722/recommended/269110/
156122782,super-motherload,negative,"Game doesn't open for me. I loved the original online game, but I haven't had the chance to",https://steamcommunity.com/profiles/76561198259331342/recommended/269110/
155790659,super-motherload,negative,"only have check point save,very annoying, ilost alot of time on some levels that is lost, and very",https://steamcommunity.com/profiles/76561199090656354/recommended/269110/
149980339,super-motherload,negative,Not worth the money,https://steamcommunity.com/profiles/76561198282553806/recommended/269110/
149372803,super-motherload,negative,"i thought i was gonna play an upgraded version of a childhood classic flash game, instead i played",https://steamcommunity.com/profiles/76561198136407998/recommended/269110/
148811132,super-motherload,negative,Disappointing and extremely bare bones when it comes to the upgrades compared to the original. More often than,https://steamcommunity.com/profiles/76561198268995265/recommended/269110/
148677067,super-motherload,negative,"Controls are wank, if playing on keyboard like most pc users then your fked and someone you can",https://steamcommunity.com/profiles/76561198054346551/recommended/269110/
147934629,super-motherload,negative,"Dig, Collect, Refuel, Repeat – Addictive but ultimately unrewarding and lacking replayability – 4/10 Super Motherload seems like",https://steamcommunity.com/profiles/76561198028761351/recommended/269110/
146265816,super-motherload,negative,"Its just not what the first was one was. More like a $5 game, really.",https://steamcommunity.com/profiles/76561199252877687/recommended/269110/
142420467,super-motherload,negative,"There's no point in this game, you will spend 50% of your gameplay going up and down",https://steamcommunity.com/profiles/76561198066231005/recommended/269110/
142241590,super-motherload,negative,"Buy it for the original, super motherload is just a worse version. Getting to the final area is",https://steamcommunity.com/profiles/76561198065272219/recommended/269110/
142232734,super-motherload,negative,Supermotherload : The Up and down game - it drove me up and down! Overview: Mediocre digger game,https://steamcommunity.com/profiles/76561198043627942/recommended/269110/
131964475,super-motherload,negative,You simply can't play with all these unbreakeable things,https://steamcommunity.com/profiles/76561198121633961/recommended/269110/
131839390,super-motherload,negative,I remember playing Motherload countless hours in Miniclip many years ago. The original game had some cool mechanics,https://steamcommunity.com/profiles/76561198070927680/recommended/269110/
130468952,super-motherload,negative,Didn't realise (because they didn't say) that the normal difficulty has no risk of dying via fuel emptying.,https://steamcommunity.com/profiles/76561198011696520/recommended/269110/
129491061,super-motherload,negative,"Game launches to a blank white screen with Steam overlays, so I don't know if it's any good",https://steamcommunity.com/profiles/76561197995823577/recommended/269110/
129078905,super-motherload,negative,"A good game that keeps crashing, frustrating.",https://steamcommunity.com/profiles/76561198067146401/recommended/269110/
125716176,super-motherload,negative,the original game was better,https://steamcommunity.com/profiles/76561198109695605/recommended/269110/
125616579,super-motherload,negative,From a player of the original motherload; this is a let down. I got a refund fyi,https://steamcommunity.com/profiles/76561197961032403/recommended/269110/
124007291,super-motherload,negative,"I played the OG motherload back in the day, but I can't recommend this installment except maybe on",https://steamcommunity.com/profiles/76561198036159822/recommended/269110/
123701811,super-motherload,negative,"It's a short game with a strong start, ok middle, and an end the crawls into a slogfest.",https://steamcommunity.com/profiles/76561198025286003/recommended/269110/
114084908,super-motherload,negative,filled with bugs and control issues how can you manage to f up such a simplistic game lol,https://steamcommunity.com/profiles/76561198060062838/recommended/269110/
113926611,super-motherload,negative,"It almost feels unfair to do this, but I just can't help compare this game to Steamworld Dig",https://steamcommunity.com/profiles/76561197976547657/recommended/269110/
113824244,super-motherload,negative,There is a problem in the game controls and also in the audio,https://steamcommunity.com/profiles/76561198267124300/recommended/269110/
112436696,super-motherload,negative,Game is okay but tends to crash on the last(?) boss...,https://steamcommunity.com/profiles/76561198046967501/recommended/269110/
111690751,super-motherload,negative,I remember having a lot of fun with the original Motherload Flash game by XGen Studios back in,https://steamcommunity.com/profiles/76561198093300271/recommended/269110/
110899461,super-motherload,negative,"I own the physical board game based on this, which is pretty good, so I thought the precursor",https://steamcommunity.com/profiles/76561197961951106/recommended/269110/
110599021,super-motherload,negative,"Negative review because I'm on the boss, having some issues killing it and the game has crashed 2",https://steamcommunity.com/profiles/76561198005732109/recommended/269110/
108431690,super-motherload,negative,"Progress is preserved between runs and impossible to reset, so after a while you're stuck with your characters",https://steamcommunity.com/profiles/76561198084970807/recommended/269110/
107747822,super-motherload,negative,"A great game absolutely ruined by bugs. When it's running it's very enjoyable, but you'll probably be spending",https://steamcommunity.com/profiles/76561198070567084/recommended/269110/
107278665,super-motherload,negative,Store page on Steam promises to include Motherload: Goldium Edition with purchase of Super Motherload. The X-Gen studios,https://steamcommunity.com/profiles/76561198126871580/recommended/269110/
103101604,super-motherload,negative,"i have always been a big fan of this game, play it since i can remember i think,",https://steamcommunity.com/profiles/76561198933732184/recommended/269110/
102829219,super-motherload,negative,"How bad could it be. Its like the flash version in less good. For 12,49€...",https://steamcommunity.com/profiles/76561198053154619/recommended/269110/
101864483,super-motherload,negative,this was a huge disappointment for me. i remember the original flash game being more fun. went and,https://steamcommunity.com/profiles/76561198012164515/recommended/269110/
101241881,super-motherload,negative,unplayable because of constant loud static coming over game audio.,https://steamcommunity.com/profiles/76561198119310289/recommended/269110/
98337575,super-motherload,negative,Hvis du gerne vil hænge dig selv i et træ så køb det her spil som er waste,https://steamcommunity.com/profiles/76561198287480043/recommended/269110/
97369236,super-motherload,negative,"I played the original Motherload and this is a good follow up, though I do still prefer the",https://steamcommunity.com/profiles/76561199013168609/recommended/269110/
96903972,super-motherload,negative,Crashes more than once per hour even though my computer is many times more powerful than required to,https://steamcommunity.com/profiles/76561198073706057/recommended/269110/
94992882,super-motherload,negative,"TL:DR- Doesn't hold up. If you want a better game with the exact same concept, go play Steamworld",https://steamcommunity.com/profiles/76561198128957404/recommended/269110/
94419388,super-motherload,negative,I played about 30 minutes of the game and It crashed on me.,https://steamcommunity.com/profiles/76561198103443323/recommended/269110/
93597531,super-motherload,negative,Was having so much fun until the final boss.,https://steamcommunity.com/profiles/76561197998342725/recommended/269110/
92359121,super-motherload,negative,"Motherload, but way worse. The original game's goldium edition is the only reason to even consider buying this.",https://steamcommunity.com/profiles/76561198055942564/recommended/269110/
91796079,super-motherload,negative,I like the game and it gave me a lot of nostalgia but i can't beat the final,https://steamcommunity.com/profiles/76561198064565741/recommended/269110/
90022052,super-motherload,negative,just no super motherload aint good but the reguler one is. I counden't blow up bombs and alot,https://steamcommunity.com/profiles/76561198338650971/recommended/269110/
89691612,super-motherload,negative,"Description say ""Included Goldium Edition"". I bought it only to play Goldium, but there is no place in",https://steamcommunity.com/profiles/76561198186335121/recommended/269110/
88445645,super-motherload,negative,"This game is fun for 4 player local coop, but it will not run full-screen on 4k displays.",https://steamcommunity.com/profiles/76561197972994472/recommended/269110/
88049726,super-motherload,negative,Came for Motherload. Somehow I got a puzzle game.,https://steamcommunity.com/profiles/76561198031391228/recommended/269110/
87757354,super-motherload,negative,a less pretty Motherload... try the steamworld games if you want a better game to play.,https://steamcommunity.com/profiles/76561198032536288/recommended/269110/
85929722,super-motherload,negative,Not fun,https://steamcommunity.com/profiles/76561199087904475/recommended/269110/
85222764,super-motherload,negative,i liked that it came with the original but now i cant seem to find or play the,https://steamcommunity.com/profiles/76561198987086038/recommended/269110/
84977532,super-motherload,negative,I would absolutely recommend this if not for the bug that makes your computer freeze when you use,https://steamcommunity.com/profiles/76561198329965576/recommended/269110/
84776640,super-motherload,negative,I bought this game to show my thanks for the hours of joy the first game brought me.,https://steamcommunity.com/profiles/76561198114056925/recommended/269110/
84118320,super-motherload,negative,"Just not worth the money, doesn't hold the magic of the original Flash Game not to mention the",https://steamcommunity.com/profiles/76561198091186940/recommended/269110/
82447902,super-motherload,negative,Mehhh The original was way better. Do not waste your money on this.,https://steamcommunity.com/profiles/76561199045376502/recommended/269110/
82399217,super-motherload,negative,not worth your time.,https://steamcommunity.com/profiles/76561198030393272/recommended/269110/
82374819,super-motherload,negative,The flash game was better,https://steamcommunity.com/profiles/76561197971111112/recommended/269110/
81744369,super-motherload,negative,Bad.,https://steamcommunity.com/profiles/76561198116558050/recommended/269110/
79520551,super-motherload,negative,"Fun game, too prone to crashing.",https://steamcommunity.com/profiles/76561198020973295/recommended/269110/
77883909,super-motherload,negative,It's nice but waaay too short. If you expect 4-6 hours of interesting gameplay then it's fine. It,https://steamcommunity.com/profiles/76561197993665989/recommended/269110/
77761102,super-motherload,negative,"b0xman describes my feeling of this game perfectly, so read his review.",https://steamcommunity.com/profiles/76561198034322128/recommended/269110/
76967563,super-motherload,negative,"Sure, it reminds me of the old Motherload game, but it's clunky, the UI is bad, and my",https://steamcommunity.com/profiles/76561197999957685/recommended/269110/
76287886,super-motherload,negative,.,https://steamcommunity.com/profiles/76561198045847559/recommended/269110/
76051516,super-motherload,negative,"***THIS IS A REVIEW FOR THE INCLUDED MOTHERLOAD GOLDIUM, NOT SUPER MOTHERLOAD***I bought this game only for Motherload",https://steamcommunity.com/profiles/76561198182454685/recommended/269110/
73169017,super-motherload,negative,GAME FREEZES UP DAILY,https://steamcommunity.com/profiles/76561198414050423/recommended/269110/
72866871,super-motherload,negative,Shell of the former game. Super Motherload feels like v1 where as the original (flash) Motherload feels like,https://steamcommunity.com/profiles/76561198026303249/recommended/269110/
72166396,super-motherload,negative,I played for 5 hours......... it's tremendously tedious and slow after reaching the lowest base. No where near,https://steamcommunity.com/profiles/76561198303523246/recommended/269110/
231490885,super-motherload,positive,"It's a good game i cant stop playing, but i wish there was a way to initiate a",https://steamcommunity.com/profiles/76561198002463451/recommended/269110/
207245254,super-motherload,positive,"Excellent upgrade to the original flash game (which, btw, is also included in the steam version). Adds updated",https://steamcommunity.com/profiles/76561198094759873/recommended/269110/
212396142,super-motherload,positive,"Super motherload is something between boring to death and surprisingly entertaining depend on player habit, game stage and",https://steamcommunity.com/profiles/76561198201224818/recommended/269110/
231062491,super-motherload,positive,Classic game but very short. I recommend getting it on sale.,https://steamcommunity.com/profiles/76561198164718154/recommended/269110/
228907924,super-motherload,positive,I bought it for the OG Motherlode Goldium Edition. One of my favourite flash games from the Miniclip,https://steamcommunity.com/profiles/76561198083929516/recommended/269110/
234836170,super-motherload,positive,buy this on sale for motherload goldium edition and nothing else. it's an excellent game but super motherload,https://steamcommunity.com/profiles/76561198041663006/recommended/269110/
230292329,super-motherload,positive,"Awesome game, I loved playing the original as a kid on Miniclip, and this sequel adds some interesting",https://steamcommunity.com/profiles/76561198332810417/recommended/269110/
228566222,super-motherload,positive,Fun game with a cool style. Brings back memories from my teen years! One major problem. Regular freeze/crash,https://steamcommunity.com/profiles/76561199081785709/recommended/269110/
227794810,super-motherload,positive,Motherload was one of my favorite flash games back in the day. Super Motherload is a more modern,https://steamcommunity.com/profiles/76561198044389927/recommended/269110/
226784407,super-motherload,positive,"It's fun! Motherload Goldium is great, as it always was. There's a bug that freezes the game when",https://steamcommunity.com/profiles/76561198113065244/recommended/269110/
224373925,super-motherload,positive,"My recommendation comes with a caveat, as I bought this game heavily discounted and primarily to play ""Motherload",https://steamcommunity.com/profiles/76561198061684756/recommended/269110/
223879851,super-motherload,positive,"This game is super addicting and really awesome. I love how the little diggers controls feel, everything is",https://steamcommunity.com/profiles/76561198035779924/recommended/269110/
221896349,super-motherload,positive,"super motherload, ticks something primordial, its so simple yet infinitely replayable, time just flies when you play it.",https://steamcommunity.com/profiles/76561199151519276/recommended/269110/
221633304,super-motherload,positive,"Are you looking for a simple, semi-cozy game to play on your handheld before bed? Or maybe you",https://steamcommunity.com/profiles/76561198009922237/recommended/269110/
221149374,super-motherload,positive,Good old game. Just as addictive as I remember it being. Runs flawlessly.,https://steamcommunity.com/profiles/76561198066666017/recommended/269110/
228810665,super-motherload,positive,"I got this game on ps+ when I was console gaming on ps4 years ago, I had to",https://steamcommunity.com/profiles/76561199060884820/recommended/269110/
214036457,super-motherload,positive,Great cruisy time killer. Played the original when i was in high school on mini clip back in,https://steamcommunity.com/profiles/76561198367620682/recommended/269110/
222452438,super-motherload,positive,"If you like Motherload and know what it is, you'll like Super Motherload.",https://steamcommunity.com/profiles/76561198134450115/recommended/269110/
219210187,super-motherload,positive,"Not ""super motherload"" but the OG ""Motherload Goldium edition"" is a hidden Flash game GEM! Must have if",https://steamcommunity.com/profiles/76561198816035020/recommended/269110/
217274361,super-motherload,positive,Pretty slick gameplay progression. Map editor made it more fun for me. Wicked game here comrades! Thanks!,https://steamcommunity.com/profiles/76561198133011634/recommended/269110/
217807212,super-motherload,positive,A good game that keeps it's faith to the orignal fro XgenStudios.com =),https://steamcommunity.com/profiles/76561198130284480/recommended/269110/
216020802,super-motherload,positive,"Addictive gameplay, interesting plot. 7/10",https://steamcommunity.com/profiles/76561198047420593/recommended/269110/
229073259,super-motherload,positive,"Well Abbadon, this truly was a Super Motherload huh.",https://steamcommunity.com/profiles/76561198061795024/recommended/269110/
224012786,super-motherload,positive,It's really fun,https://steamcommunity.com/profiles/76561198041588559/recommended/269110/
218153445,super-motherload,positive,"Good game, nothing else to say here",https://steamcommunity.com/profiles/76561198870289492/recommended/269110/
214110295,digging-a-hole,negative,"Reviews on Steam and Youtube tricked me into thinking this is a simulator game, something like Powerwash, or",https://steamcommunity.com/profiles/76561198086401425/recommended/3244220/
226750377,digging-a-hole,negative,"I like the game conceptually, but it's far too short, & without getting into spoilers, the ending is",https://steamcommunity.com/profiles/76561198321515544/recommended/3244220/
205689270,digging-a-hole,negative,"Mildly amusing at best, but this game is pretty tedious with how it's digging works. there's no physics",https://steamcommunity.com/profiles/76561197975930687/recommended/3244220/
220009509,digging-a-hole,negative,"Honestly not sure about the positive rating on this, it feels extremely overrated. Yes, it is a very",https://steamcommunity.com/profiles/76561197968770346/recommended/3244220/
231000969,digging-a-hole,negative,"I really wanted to enjoy this game because, at its core, it has the foundation of something genuinely",https://steamcommunity.com/profiles/76561198026967505/recommended/3244220/
233325706,digging-a-hole,negative,"It could have been a tolerable, mindless time-killer, but the game lacks more interesting things to discover. And",https://steamcommunity.com/profiles/76561198871166016/recommended/3244220/
225077362,digging-a-hole,negative,"I bought this game to dig a hole, not to carefully stealth my way through the final areas.",https://steamcommunity.com/profiles/76561198047757624/recommended/3244220/
233416281,digging-a-hole,negative,I was really hoping I'd like this game. It had remained on my wishlist for many months. I,https://steamcommunity.com/profiles/76561198030128253/recommended/3244220/
233632723,digging-a-hole,negative,"eh it was alright, not worth the price. Managed two hours to play through and it just wasn't",https://steamcommunity.com/profiles/76561198257561936/recommended/3244220/
206069989,digging-a-hole,negative,"I would love to like this game more, however I cannot. The game is relaxing until the end",https://steamcommunity.com/profiles/76561198071718783/recommended/3244220/
206740959,digging-a-hole,negative,"Given this is the game that kicked off the whole ""hole digging"" craze of games, I kinda expected",https://steamcommunity.com/profiles/76561197998180632/recommended/3244220/
213021904,digging-a-hole,negative,The game is fun but the ending is terrible and completely ruins the rest of the game. There's,https://steamcommunity.com/profiles/76561198855039169/recommended/3244220/
205397721,digging-a-hole,negative,"At first it's somewhat satisfying.. but soon you run out of upgrades, learn that dynamite basically does nothing,",https://steamcommunity.com/profiles/76561198043472327/recommended/3244220/
222596652,digging-a-hole,negative,"Needs more, its fun for a while but 2 hours maybe less if u push it u have",https://steamcommunity.com/profiles/76561197993180132/recommended/3244220/
204042187,digging-a-hole,negative,"'+: good simple gimmick game design audio ambiance EDIT: works perfectly on steamdeck -. Low poly graphics, yet,",https://steamcommunity.com/profiles/76561197978157828/recommended/3244220/
225118114,digging-a-hole,negative,"I beat it but geez, it was not satisfying. It wasn't a horrible game but it just didn't",https://steamcommunity.com/profiles/76561197992825521/recommended/3244220/
207111943,digging-a-hole,negative,"It was fun for an hour or two, but very disappointing with the horror-style ending. It's also very",https://steamcommunity.com/profiles/76561198156755304/recommended/3244220/
219947376,digging-a-hole,negative,It's gonna be a no from me dog. I saw all the great reviews and figured that this,https://steamcommunity.com/profiles/76561198105053567/recommended/3244220/
204034456,digging-a-hole,negative,"Ending sucks. First of all, before you even reach the ending, it is entirely likely that you'll max",https://steamcommunity.com/profiles/76561198138495324/recommended/3244220/
221440436,digging-a-hole,negative,"In a game where the player is doing an incredibly repetitive and basic action over and over, I",https://steamcommunity.com/profiles/76561198355150772/recommended/3244220/
214957983,digging-a-hole,negative,"The game functions perfectly fine, and its very enjoyable in terms of the actual digging. However, it is",https://steamcommunity.com/profiles/76561198034603528/recommended/3244220/
228698591,digging-a-hole,negative,"Fun. But short very short and dead a content, they have not added anything meaningful to the game.",https://steamcommunity.com/profiles/76561198084774524/recommended/3244220/
206822435,digging-a-hole,negative,"Interesting simple concept, but playing to the end is ultimately frustrating and unfulfilling.",https://steamcommunity.com/profiles/76561197970872616/recommended/3244220/
206021003,digging-a-hole,negative,"boring, ♥♥♥♥, ending, ist just bland, empty and short",https://steamcommunity.com/profiles/76561199081694301/recommended/3244220/
215516252,digging-a-hole,negative,"A Game About Digging A Hole is exactly what it sounds like - armed with an upgradable shovel,",https://steamcommunity.com/profiles/76561198025321433/recommended/3244220/
227237662,digging-a-hole,negative,"I know this game is quite cheap, but I am still not sure I really got my moneys",https://steamcommunity.com/profiles/76561197961720175/recommended/3244220/
222313074,digging-a-hole,negative,"Im not going to ruin the ending for others, but the time it takes to get stuff done",https://steamcommunity.com/profiles/76561198059762751/recommended/3244220/
222092855,digging-a-hole,negative,"Disappointingly simple, I really expected to have more to it. Also, totally messes up with a multi-monitor setup,",https://steamcommunity.com/profiles/76561197970819202/recommended/3244220/
221939174,digging-a-hole,negative,Ultimately disappointing. The upgrade system is not satisfying and doesn't ever amount to much. The movement and navigation,https://steamcommunity.com/profiles/76561198001311656/recommended/3244220/
226646992,digging-a-hole,negative,"overall just a bad game, bad mechanics, the moles are just unfair at the end, health system is",https://steamcommunity.com/profiles/76561199481873047/recommended/3244220/
228528571,digging-a-hole,negative,Playing this felt like taking a bite out of a burger and getting nothing but bread.,https://steamcommunity.com/profiles/76561198078821454/recommended/3244220/
218264580,digging-a-hole,negative,dopamine shortcut gaming. i am a rat in a cage pushing the button that gives me more cocaine.,https://steamcommunity.com/profiles/76561198062378688/recommended/3244220/
224174469,digging-a-hole,negative,"I can see I'm in the minority, but I just can't pretend I had much fun playing this.",https://steamcommunity.com/profiles/76561198860346283/recommended/3244220/
216223816,digging-a-hole,negative,I bought the game on sale and there is still not enough game for the money. Don't waste,https://steamcommunity.com/profiles/76561197967458965/recommended/3244220/
206026831,digging-a-hole,negative,This is a fun game with great progression and I did like the concept but the ending was,https://steamcommunity.com/profiles/76561198011786482/recommended/3244220/
219815272,digging-a-hole,negative,Very little to discover with an anticlimax. The only thing separating this game from most others is the,https://steamcommunity.com/profiles/76561198121739554/recommended/3244220/
215937727,digging-a-hole,negative,"VERY bare bones, not even control remapping as an option (yet they went out of their way to",https://steamcommunity.com/profiles/76561197972697594/recommended/3244220/
206870740,digging-a-hole,negative,The game ends the second you feel it should start to open up. It feels like a demo,https://steamcommunity.com/profiles/76561197966664598/recommended/3244220/
215858805,digging-a-hole,negative,wish they would expand on this by ALOT.. having to manually click the first 10-30 min of the,https://steamcommunity.com/profiles/76561198032748383/recommended/3244220/
229349449,digging-a-hole,negative,"Slow-burn gameplay until you acquire the drill, only for the enjoyment to be short lived as you reach",https://steamcommunity.com/profiles/76561198010766012/recommended/3244220/
224328310,digging-a-hole,negative,This game takes about an hour to complete. Not worth 5$ maybe 1-2$ because there's not enough content,https://steamcommunity.com/profiles/76561198753048990/recommended/3244220/
216051061,digging-a-hole,negative,"This game is so bland, boring, and milk toast that Doctor Kellogg himself might recommend it be the",https://steamcommunity.com/profiles/76561198040251866/recommended/3244220/
229277298,digging-a-hole,negative,A Game About Digging a Hole is a game about digging a hole. ….. why did I expect,https://steamcommunity.com/profiles/76561198985778396/recommended/3244220/
233236869,digging-a-hole,negative,"I really wanted to like A Game About Digging A Hole. There is a simple, cozy satisfaction to",https://steamcommunity.com/profiles/76561198121297879/recommended/3244220/
233093693,digging-a-hole,negative,I was enjoying this game. Pretty chill and relaxing with a little bit of strategy. But then I,https://steamcommunity.com/profiles/76561198013593703/recommended/3244220/
232704628,digging-a-hole,negative,Very bad it is 20 bucks and i completed it in 45 minutes and 3 hrs for every,https://steamcommunity.com/profiles/76561198707115647/recommended/3244220/
232355427,digging-a-hole,negative,VERY ♥♥♥♥ 0 gameplay would not buy when finish game it wiper progress and you only get achivements,https://steamcommunity.com/profiles/76561199440784601/recommended/3244220/
231944530,digging-a-hole,negative,I'd love to give this game a good review--the 20 minutes I got to play were great--but after,https://steamcommunity.com/profiles/76561199376085125/recommended/3244220/
230751825,digging-a-hole,negative,I simply don't get why developers change the fundamental game loop towards the end? No... I DON'T like,https://steamcommunity.com/profiles/76561198033463392/recommended/3244220/
228594315,digging-a-hole,negative,Finished the game in 80 minutes.. Way too few upgrade and depth to be a good review. I,https://steamcommunity.com/profiles/76561198019240469/recommended/3244220/
234835629,digging-a-hole,negative,Shoehorned streamer react-bait ending. Not worth 5$.,https://steamcommunity.com/profiles/76561198014763908/recommended/3244220/
234467081,digging-a-hole,negative,its not a very good game at all and youre not gonna spend any time on it whatsoever,https://steamcommunity.com/profiles/76561199230040998/recommended/3244220/
234101692,digging-a-hole,negative,done after 75 minutes,https://steamcommunity.com/profiles/76561198051061759/recommended/3244220/
233493539,digging-a-hole,negative,itch io slop,https://steamcommunity.com/profiles/76561198075928766/recommended/3244220/
232970894,digging-a-hole,negative,n,https://steamcommunity.com/profiles/76561199543833185/recommended/3244220/
232910236,digging-a-hole,negative,"little content, jumpscare ending",https://steamcommunity.com/profiles/76561197994806268/recommended/3244220/
232772723,digging-a-hole,negative,"Completed in about 2 hours. Possibly the most anticlimactic ending I've ever experienced. But hey, at least it's",https://steamcommunity.com/profiles/76561197989949010/recommended/3244220/
232445606,digging-a-hole,negative,This game was fun for the first like half hour but after that it turned into a slog.,https://steamcommunity.com/profiles/76561199115915442/recommended/3244220/
232345119,digging-a-hole,negative,very boring,https://steamcommunity.com/profiles/76561199760895575/recommended/3244220/
232149403,digging-a-hole,negative,"I see this game being recommended quite often, but despite getting all the achievements and giving it a",https://steamcommunity.com/profiles/76561198067215025/recommended/3244220/
231988717,digging-a-hole,negative,"it was pretty fun i guess, not worth the 5 euro",https://steamcommunity.com/profiles/76561199218124383/recommended/3244220/
231825972,digging-a-hole,negative,"The whole ""You ran out of energy and lost all your ores"" mechanic makes me want to do",https://steamcommunity.com/profiles/76561198114719823/recommended/3244220/
231570316,digging-a-hole,negative,"Look, I played it, I finished the base story but unless there's something I'm missing... It really did",https://steamcommunity.com/profiles/76561198083239706/recommended/3244220/
231540075,digging-a-hole,negative,игра очень короткая. после прохождения запросил возврат,https://steamcommunity.com/profiles/76561199351145973/recommended/3244220/
231301664,digging-a-hole,negative,"Game has a good concept, but only lasts a couple hours with no feeling of being rewarded for",https://steamcommunity.com/profiles/76561198171498807/recommended/3244220/
231146137,digging-a-hole,negative,"I know it is cheap, but it just doesn't have the fun that a lot of incrementals do",https://steamcommunity.com/profiles/76561197966539314/recommended/3244220/
231045011,digging-a-hole,negative,"short and half-baked, very empty sort of game. took me just over an hour to get to the",https://steamcommunity.com/profiles/76561197999755599/recommended/3244220/
230944303,digging-a-hole,negative,This ♥♥♥♥ would have been a free flash game 10 years ago,https://steamcommunity.com/profiles/76561198263005395/recommended/3244220/
230940022,digging-a-hole,negative,"Mid game, completed it all in like 2 hours of playtime, after that, in like 20 minutes i",https://steamcommunity.com/profiles/76561199728665760/recommended/3244220/
230875422,digging-a-hole,negative,"The ending is what kills it. There could be something more, but the simple fade to black is...",https://steamcommunity.com/profiles/76561197993565769/recommended/3244220/
230859492,digging-a-hole,negative,i didnt know it was a horror i shat my sen z5s hyt4erlpoknb 357qyes v# 5r t j,https://steamcommunity.com/profiles/76561199803880531/recommended/3244220/
230715593,digging-a-hole,negative,Game chooses what to autosave like dynamite purchases/uses.,https://steamcommunity.com/profiles/76561198141237527/recommended/3244220/
230598991,digging-a-hole,negative,"Gioco soporifero, ottimo contro l'insonnia. Al posto di farmaci ipnotico-sedativi, questo é un buon rimedio naturale. Due palle",https://steamcommunity.com/profiles/76561198004297606/recommended/3244220/
230512068,digging-a-hole,negative,I mean it's a game about digging a hole it's not that deep. it's very incremental and slow,https://steamcommunity.com/profiles/76561198044599065/recommended/3244220/
230484916,digging-a-hole,negative,subverts expectations in the end by not being very good,https://steamcommunity.com/profiles/76561197993227142/recommended/3244220/
230425029,digging-a-hole,negative,"With everything upgraded in under an hour, there was nothing left to work toward. No progression, no new",https://steamcommunity.com/profiles/76561198071636185/recommended/3244220/
230404493,digging-a-hole,negative,short. zero substance. beat it with enough time to refund.,https://steamcommunity.com/profiles/76561198137940441/recommended/3244220/
230346943,digging-a-hole,negative,"I don't often leave reviews. Do not buy this game. Minimal upgrades, nothing other than just digging straight",https://steamcommunity.com/profiles/76561199008551852/recommended/3244220/
229950377,digging-a-hole,negative,this game is so bad. no optimization settings at all. too many glitches,https://steamcommunity.com/profiles/76561198763240616/recommended/3244220/
229918993,digging-a-hole,negative,"Inferior, half-assed rip-off of a 20 year old flash game called Motherload.",https://steamcommunity.com/profiles/76561198269056297/recommended/3244220/
229845985,digging-a-hole,negative,boring,https://steamcommunity.com/profiles/76561198755866053/recommended/3244220/
229581657,digging-a-hole,negative,"30 minutes of fun, 2 hours of suffering, game is done. Ending is pathetic.",https://steamcommunity.com/profiles/76561198273997120/recommended/3244220/
229371645,digging-a-hole,negative,"Game setting are lacking, no option to switch to window mode or lower resolution. Game crashes if you",https://steamcommunity.com/profiles/76561198068048411/recommended/3244220/
229206279,digging-a-hole,negative,"It was fun, But it was very short.",https://steamcommunity.com/profiles/76561199055076736/recommended/3244220/
229172755,digging-a-hole,negative,"Good game to play for 23 minutes, then realize you can play the same thing but better for",https://steamcommunity.com/profiles/76561199700467204/recommended/3244220/
229120411,digging-a-hole,negative,Ehhhhhhhhhhhhhhhhhhhhhhhhhhhhhhhhhhh.,https://steamcommunity.com/profiles/76561197971147259/recommended/3244220/
229096918,digging-a-hole,negative,"I don't want to revisit it. You make a game about digging a hole, that the gole is",https://steamcommunity.com/profiles/76561198313978126/recommended/3244220/
229054591,digging-a-hole,negative,"These devs may be onto something that can change the future, they may be able to figure out",https://steamcommunity.com/profiles/76561199483599231/recommended/3244220/
229005663,digging-a-hole,negative,"Gra za prosta, nudne zakończenie, żadnych smaczków. Steam Dig World jest w podobne cenie, o kopaniu a o",https://steamcommunity.com/profiles/76561198034265506/recommended/3244220/
228979417,digging-a-hole,negative,"This game is just upsetting because it makes you ask, ""why is this happening?"" when you finish the",https://steamcommunity.com/profiles/76561198415166673/recommended/3244220/
228935647,digging-a-hole,negative,mid,https://steamcommunity.com/profiles/76561199013262755/recommended/3244220/
228601127,digging-a-hole,negative,Too expensive for the content.,https://steamcommunity.com/profiles/76561199874396713/recommended/3244220/
228563458,digging-a-hole,negative,balls,https://steamcommunity.com/profiles/76561199639103754/recommended/3244220/
228033771,digging-a-hole,negative,"did not like the ending, pretty annoying to go through.",https://steamcommunity.com/profiles/76561198058102092/recommended/3244220/
227788357,digging-a-hole,negative,The game is not just about digging a hole,https://steamcommunity.com/profiles/76561198053357184/recommended/3244220/
227636723,digging-a-hole,negative,De haber sabido que ese era el final ni siquiera lo habría jugado.,https://steamcommunity.com/profiles/76561198254676285/recommended/3244220/
227632296,digging-a-hole,negative,The game is fun for about 20 minutes and extremely boring after that - but the good thing,https://steamcommunity.com/profiles/76561198071220659/recommended/3244220/
227045208,digging-a-hole,negative,I've played roblox games with more content and polish than this,https://steamcommunity.com/profiles/76561199800935613/recommended/3244220/
226651712,digging-a-hole,negative,More tedious than I expected from a game about digging a hole. But you do in fact dig,https://steamcommunity.com/profiles/76561197995366221/recommended/3244220/
226309253,digging-a-hole,negative,"Cute game, wife already put in 4 hours. I was really looking forward to trying it out. But",https://steamcommunity.com/profiles/76561198000728968/recommended/3244220/
205262715,digging-a-hole,positive,"If you read the name of this game, bought it, and didn't like it, I don't know what",https://steamcommunity.com/profiles/76561199758438827/recommended/3244220/
216211975,digging-a-hole,positive,"After 6 hours of paying this game, I went into my backyard and started to dig for treasure...",https://steamcommunity.com/profiles/76561199827600402/recommended/3244220/
214803028,digging-a-hole,positive,I bought this game expecting to dig a hole. I dug a hole. I kept digging the hole.,https://steamcommunity.com/profiles/76561198112449408/recommended/3244220/
228740862,digging-a-hole,positive,"Dont listen to the ones calling it short, its as long as you make it be.. (: My",https://steamcommunity.com/profiles/76561198046886614/recommended/3244220/
212496660,digging-a-hole,positive,"I bought this, carefully dug a big hole in a bit over an hour and finished the game.",https://steamcommunity.com/profiles/76561197975288543/recommended/3244220/
206672883,digging-a-hole,positive,just as advertised its a game about digging a hole i only have 2 minor issues with the,https://steamcommunity.com/profiles/76561198814626472/recommended/3244220/
230296565,digging-a-hole,positive,"I AM A DWARF AND I'M DIGGING A HOOOOOOLE. Ahem. Well, I indeed had that song living rent-free",https://steamcommunity.com/profiles/76561199606702728/recommended/3244220/
208570743,digging-a-hole,positive,Amazing how many people complain for a game this cheap. What did you expect? It is great for,https://steamcommunity.com/profiles/76561198324995347/recommended/3244220/
230131411,digging-a-hole,positive,"Very relaxing and fun game. Short, but worth the price. As soon as I started I was on",https://steamcommunity.com/profiles/76561198072973106/recommended/3244220/
216770579,digging-a-hole,positive,Great for autistic stimmimg in the same vein as powerwash simulator. The satisfying aspect of the game is,https://steamcommunity.com/profiles/76561198219978376/recommended/3244220/
210483412,digging-a-hole,positive,"Just a little stupid casual fun. Nice to just relax and lose yourself in, right,... right? Oh no....",https://steamcommunity.com/profiles/76561198952045318/recommended/3244220/
225783401,digging-a-hole,positive,'---{ Graphics }--- ☐ You forget what reality is ☐ Beautiful ☐ Good ☑ Decent ☐ Bad ☐,https://steamcommunity.com/profiles/76561199479000592/recommended/3244220/
210151153,digging-a-hole,positive,AGADAH is a very simple game. you just... dig a hole. What else should you need in your,https://steamcommunity.com/profiles/76561198798596795/recommended/3244220/
230866022,digging-a-hole,positive,A game about digging a hole is exactly what it sounds like. You buy a house. And instead,https://steamcommunity.com/profiles/76561199615189875/recommended/3244220/
213421046,digging-a-hole,positive,I didn't expect to like this game so much. I dug my hole for four hours and wasn't,https://steamcommunity.com/profiles/76561198013041668/recommended/3244220/
218468153,digging-a-hole,positive,"A very silly game.... but as a person with anxiety, it was a great outlet. Something mindless that",https://steamcommunity.com/profiles/76561198322301207/recommended/3244220/
216693861,digging-a-hole,positive,"There's something primally satisfying about digging a really freakin' big hole, and this game satisfies that with flying",https://steamcommunity.com/profiles/76561198061416173/recommended/3244220/
225961839,digging-a-hole,positive,"Pros: Hole digging is really satisfying. You just keep digging and finding gems and selling them, and repeating",https://steamcommunity.com/profiles/76561198066482479/recommended/3244220/
221299619,digging-a-hole,positive,"Mine, Get Resources, Sell Resources, Buy Upgrades, Repeat. So simple yet so addictive and fun.",https://steamcommunity.com/profiles/76561198050824915/recommended/3244220/
229138461,digging-a-hole,positive,"A very simple, straight forward and unique game that is entirely explained through the title alone. You get",https://steamcommunity.com/profiles/76561198001304794/recommended/3244220/
212444285,digging-a-hole,positive,"A perfect little time waster that can satisfy every man's inherent desire to dig a hole, a big",https://steamcommunity.com/profiles/76561198002251148/recommended/3244220/
206064236,digging-a-hole,positive,"8/10 A Game About Digging A Hole is a game where you dig a hole in your backyard,",https://steamcommunity.com/profiles/76561198260331341/recommended/3244220/
221976258,digging-a-hole,positive,"Addicting and fun, could have more content",https://steamcommunity.com/profiles/76561198386317873/recommended/3244220/
217461772,digging-a-hole,positive,"its good but dont expect more than 2-3 hours of gameplay, would love some more content",https://steamcommunity.com/profiles/76561199104949111/recommended/3244220/
211196940,digging-a-hole,positive,It is true. You are just digging a hole but it is a satisfying game for those completionist,https://steamcommunity.com/profiles/76561197972439972/recommended/3244220/
225855091,meltopia,negative,"Shallow, short and grindy game. There is a lot of potential if there was more content, problem solving",https://steamcommunity.com/profiles/76561198157409902/recommended/3601800/
225854096,meltopia,negative,"If you're looking for ""A Game About Digging A Hole"", this isn't it. The game isn't fun because",https://steamcommunity.com/profiles/76561197989398314/recommended/3601800/
225843244,meltopia,negative,This otherwise fun game is marred by its current version of the shovel that is nothing like the,https://steamcommunity.com/profiles/76561198000923180/recommended/3601800/
225707052,meltopia,negative,"Nearly 8hrs of play and i was left frustrated and annoyed in the end, didn't manage to complete",https://steamcommunity.com/profiles/76561198064677145/recommended/3601800/
225705507,meltopia,negative,"so i'll say this, there needs to be a MUCH more friendly way of selling the items in",https://steamcommunity.com/profiles/76561199045669391/recommended/3601800/
225660042,meltopia,negative,Idea seems fresh enough to have a potential but execution is too sloppy. Feels incomplete and slapped together,https://steamcommunity.com/profiles/76561198977992435/recommended/3601800/
225575915,meltopia,negative,"Game won't even load properly despite more than meeting the minimum specs, even on low graphics. The textures",https://steamcommunity.com/profiles/76561198120979366/recommended/3601800/
225497526,meltopia,negative,"Boring, extremely unpolished, buggy. Feels like it was made lazily, without love. Most of all I hate that",https://steamcommunity.com/profiles/76561198122279814/recommended/3601800/
225465493,meltopia,negative,"Melted everything, did 100% achievements. Game is super repetitive, you melt the snow and thats it. I got",https://steamcommunity.com/profiles/76561198060018302/recommended/3601800/
225367382,meltopia,negative,"It's an ok digging game, with a funny quirky ending, but unfortunately the audio bugs and poor economy",https://steamcommunity.com/profiles/76561198032339106/recommended/3601800/
225345127,meltopia,negative,I regret what I did,https://steamcommunity.com/profiles/76561198067438557/recommended/3601800/
225307785,meltopia,negative,5 hours to finish the game. It was ok. Good enough for the price.,https://steamcommunity.com/profiles/76561198003822608/recommended/3601800/
225293128,meltopia,negative,"A decent game, but the upgrades were lackluster and I could have used a minimap. Some puzzles would",https://steamcommunity.com/profiles/76561198032203525/recommended/3601800/
225283396,meltopia,negative,"it was an okay 4 hours, the shovel was dumb",https://steamcommunity.com/profiles/76561198076046961/recommended/3601800/
225280514,meltopia,negative,"To preface, this is more so an ""Ehhh"" than a not recommend, I know that the game is",https://steamcommunity.com/profiles/76561198069107063/recommended/3601800/
225271613,meltopia,negative,You run out of upgrades WAY too early. I wasn't even at the second minecart fast travel point,https://steamcommunity.com/profiles/76561198059626159/recommended/3601800/
225246242,meltopia,negative,Seven dollars for five hours of gameplay? questionable,https://steamcommunity.com/profiles/76561199127915702/recommended/3601800/
225233079,meltopia,negative,"Feels and looks like a slop game, lots of jank, got all achievements in like 8h while watching",https://steamcommunity.com/profiles/76561198145865461/recommended/3601800/
225160795,meltopia,negative,After a while the game gives you no sense of direction on where to go and no way,https://steamcommunity.com/profiles/76561198020586563/recommended/3601800/
225149084,meltopia,negative,"It's not a bad game, but not really a good game either. It's a cool proof of concept",https://steamcommunity.com/profiles/76561198253583834/recommended/3601800/
225144180,meltopia,negative,my save just disappeared...,https://steamcommunity.com/profiles/76561198306414557/recommended/3601800/
225134736,meltopia,negative,"first bit is fun and good progression, but as soon as you get the tesla gun its worse",https://steamcommunity.com/profiles/76561199633245359/recommended/3601800/
225124953,meltopia,negative,The game's balancing is completely off for people who like exploring areas and not just rushing through. A,https://steamcommunity.com/profiles/76561199220440280/recommended/3601800/
225121275,meltopia,negative,"becomes unplayable in the second part no map, no ability to track ""have you checked this bloody passage""",https://steamcommunity.com/profiles/76561197996776320/recommended/3601800/
225119169,meltopia,negative,"Visually it's a pretty okay game, the hub looks like a cool castle-thing with loads of places to",https://steamcommunity.com/profiles/76561198020117519/recommended/3601800/
225094419,meltopia,negative,ass just want your money so you play for 5 to 4 hours then get ♥♥♥♥ behind ♥♥♥♥♥,https://steamcommunity.com/profiles/76561199056945072/recommended/3601800/
225074237,meltopia,negative,Terrible and boring. Just a slot and waste of money and the time spent.,https://steamcommunity.com/profiles/76561198010181898/recommended/3601800/
224958181,meltopia,negative,"It's missing a few things. Personality, Intrigue and Satisfaction. I've played both Powerwash Simulator games, and this game",https://steamcommunity.com/profiles/76561199238564946/recommended/3601800/
224923842,meltopia,negative,"do not buy this game. if you do, you will be refunding it. so save yourself the time.",https://steamcommunity.com/profiles/76561198107486959/recommended/3601800/
224856237,meltopia,negative,"disrespectful ui, improper treatment of underlying engine - i bet they use instanced spheres instead of chunked sdf",https://steamcommunity.com/profiles/76561198036894727/recommended/3601800/
224850513,meltopia,negative,"we're in 2026 and not only is ""auto save"" announced in weird looking panel messages that stack on",https://steamcommunity.com/profiles/76561198023704930/recommended/3601800/
224845361,meltopia,negative,Can work on the controller aspect please? the look sensativity does literally nothing. its so slow to turn.,https://steamcommunity.com/profiles/76561199131226601/recommended/3601800/
224825677,meltopia,negative,"Can't even get passed the first cutscene, let alone change my settings.",https://steamcommunity.com/profiles/76561199815544201/recommended/3601800/
224819070,meltopia,negative,I'm a controller player and because of low look sensitivity even when set to maximum the game is,https://steamcommunity.com/profiles/76561198360649401/recommended/3601800/
224801648,meltopia,negative,"The game randomly lags, and the auto-saving causes the screen to freeze for about a minute. The gaming",https://steamcommunity.com/profiles/76561199814042801/recommended/3601800/
224760754,meltopia,negative,what WAS a good game when i bought it has become an unplayable mess due to the developers,https://steamcommunity.com/profiles/76561198831488351/recommended/3601800/
224758780,meltopia,negative,Not worth the time.,https://steamcommunity.com/profiles/76561197962945972/recommended/3601800/
224723848,meltopia,negative,bored after 30 mins i will refund,https://steamcommunity.com/profiles/76561198125533063/recommended/3601800/
224704211,meltopia,negative,"meh, not worth the price for such a short game",https://steamcommunity.com/profiles/76561198071757954/recommended/3601800/
224688005,meltopia,negative,"Just another ""Digging Hole"" game, but with poor optimisation. Nothing interesting. Fully upgrade your gun? So here new",https://steamcommunity.com/profiles/76561199048708787/recommended/3601800/
224673262,meltopia,negative,"The game runs very poorly, especially considering its primitive design—you’d think it requires a high-end PC just to",https://steamcommunity.com/profiles/76561198014344441/recommended/3601800/
224670763,meltopia,negative,If you want your inventory to be constantly clogged with trash and run back to the base every,https://steamcommunity.com/profiles/76561198044196804/recommended/3601800/
224666363,meltopia,negative,So many things that just makes this feel unfinished... all in all it just tries to waste your,https://steamcommunity.com/profiles/76561197989531710/recommended/3601800/
224666170,meltopia,negative,Love the chill nature of this game but it doesn't seem to run super well on handheld despite,https://steamcommunity.com/profiles/76561198038279222/recommended/3601800/
224640762,meltopia,negative,Over 4 hours wasted as the game doesn't appear to have any sort of autosave or save on,https://steamcommunity.com/profiles/76561198412072566/recommended/3601800/
224590207,meltopia,negative,Played for 3 hours on launch yesterday. Logged back in today and all progress lost... wtf?,https://steamcommunity.com/profiles/76561198065497630/recommended/3601800/
224548112,meltopia,negative,bad-optimized AI-slop game made by weird mobile team,https://steamcommunity.com/profiles/76561198036377863/recommended/3601800/
224542191,meltopia,negative,"Amazingly, it would appear that the developers listened to feedback from the demo and implemented several (mostly positive)",https://steamcommunity.com/profiles/76561199856430323/recommended/3601800/
224539745,meltopia,negative,"It okay for the price, but really nothing groundbreaking. Would give a neutral rating if I could. Edit:",https://steamcommunity.com/profiles/76561198012889457/recommended/3601800/
226822729,meltopia,positive,It's a chill (pun intended) game. Fairly quick though. I'd love to see the collectibles turn into something,https://steamcommunity.com/profiles/76561198011293667/recommended/3601800/
225386433,meltopia,positive,Really fun! Really enjoy exploration and collection games. Trying to make progress while managing fuel and not freezing,https://steamcommunity.com/profiles/76561198056780819/recommended/3601800/
224790774,meltopia,positive,"The game is really unique and quickly pulls you in. Once you start playing, you immediately want to",https://steamcommunity.com/profiles/76561199752739009/recommended/3601800/
229422457,meltopia,positive,"If you've ever wanted to melt a lot snow, this game has got you covered. Considering the ending,",https://steamcommunity.com/profiles/76561197965615203/recommended/3601800/
225276363,meltopia,positive,The goal of this game is to find some archaeological remains and a few artifacts. Dig away a,https://steamcommunity.com/profiles/76561197987565903/recommended/3601800/
225049291,meltopia,positive,"It's a nice chill game overall, starts slow, but keeps getting faster as you progress, graphics are nice,",https://steamcommunity.com/profiles/76561198081017963/recommended/3601800/
233599475,meltopia,positive,First of all there are two things that are pretty annoying: The first levels of the teslagun and,https://steamcommunity.com/profiles/76561198218657020/recommended/3601800/
229442855,meltopia,positive,"Meltopia is very chill and enjoyable, for the super cheap entry fee you can't go wrong. Simple but",https://steamcommunity.com/profiles/76561197999647322/recommended/3601800/
228164111,meltopia,positive,game length about 2 hours. crashed 3 times in totalt 2 times under the automatic safe which freezing,https://steamcommunity.com/profiles/76561197982193249/recommended/3601800/
227338186,meltopia,positive,"Very nice game, satisfying and beautiful, completed in 9h, worth every cent 💖",https://steamcommunity.com/profiles/76561198074385495/recommended/3601800/
226800586,meltopia,positive,"I absolutely adore this game, I love the simplicity of just melting snow and finding artefacts. I am",https://steamcommunity.com/profiles/76561199088440626/recommended/3601800/
226679527,meltopia,positive,"If you enjoyed game about digging a hole, you'll like this one. It's pretty chill (ha). Just you,",https://steamcommunity.com/profiles/76561198077980824/recommended/3601800/
225901805,meltopia,positive,"Played the full game in about two sessions, really really fun and satisfying. It is an extremely chill",https://steamcommunity.com/profiles/76561198278227714/recommended/3601800/
225864683,meltopia,positive,"decent time waster. someone was smoking something when they made the ending, but it did make me laugh.",https://steamcommunity.com/profiles/76561198122338669/recommended/3601800/
225783618,meltopia,positive,I have had so much fun playing this. I bought it for my husband and I on a,https://steamcommunity.com/profiles/76561198031409603/recommended/3601800/
225726052,meltopia,positive,Pretty calm and satisfying game where you just go around melting snow. I didn’t run into any major,https://steamcommunity.com/profiles/76561198346689136/recommended/3601800/
225711112,meltopia,positive,"Surprisingly satisfying gameplay loop; this will absolutely appeal to anyone who enjoys games like PowerWash Simulator, or Crime",https://steamcommunity.com/profiles/76561198025057356/recommended/3601800/
225441967,meltopia,positive,"I loved this game! It reminds me of 'A Game About Digging A Hole,' but instead of being",https://steamcommunity.com/profiles/76561198230212176/recommended/3601800/
225327848,meltopia,positive,"Very fun and soothing maze-explorer game. Secrets are well hidden but not absurdly difficult, and overall the game",https://steamcommunity.com/profiles/76561198258451807/recommended/3601800/
225232861,meltopia,positive,"A fairly well polished peaceful metroidvania. The basic gameplay loop is you're given a flamethrower, you clear out",https://steamcommunity.com/profiles/76561198001129651/recommended/3601800/
72161382,super-motherload,negative,"3 hours playtime, 3 crashes... would be a good game, if it would work.",https://steamcommunity.com/profiles/76561198150265958/recommended/269110/
71893733,super-motherload,negative,Super Boring.,https://steamcommunity.com/profiles/76561197970538611/recommended/269110/
71734921,super-motherload,negative,"I do not recommend this game, you might think that my short playtime means that I just didn't",https://steamcommunity.com/profiles/76561198178603941/recommended/269110/
71611688,super-motherload,negative,The game was ok for the most part. It got a lot less fun the more I played,https://steamcommunity.com/profiles/76561198061948706/recommended/269110/
69640367,super-motherload,negative,"It's a good game however, there's a game crashing bug sometimes when bombs are used. It doesn't happen",https://steamcommunity.com/profiles/76561198031149418/recommended/269110/
69079496,super-motherload,negative,Was excited to play this game because it recently came up on my Youtube feed and i wanted,https://steamcommunity.com/profiles/76561198001936552/recommended/269110/
62172063,super-motherload,negative,Very short. Really boring by the end.,https://steamcommunity.com/profiles/76561198069232023/recommended/269110/
59267898,super-motherload,negative,My game keeps crashing. Cannot get past the main menu. Thanks.,https://steamcommunity.com/profiles/76561198068841234/recommended/269110/
57084979,super-motherload,negative,I used to play the original version of this game when I was in high school and my,https://steamcommunity.com/profiles/76561198109613875/recommended/269110/
57076296,super-motherload,negative,"For anyone who enjoyed the original motherload, this game is going to be amazing fun. I can't recommend",https://steamcommunity.com/profiles/76561198066419242/recommended/269110/
55635781,super-motherload,negative,crashed during the boss fight I do not want to spend 3 minutes going all the way back,https://steamcommunity.com/profiles/76561198309612194/recommended/269110/
55140360,super-motherload,negative,"Super Motherload is a grindy 2D ""mining rush"" game where you mine and grind upgrades so you can",https://steamcommunity.com/profiles/76561198030784015/recommended/269110/
55095537,super-motherload,negative,No reset button for characters. Game was released in 2013. The game literally does not allow you to,https://steamcommunity.com/profiles/76561198033383999/recommended/269110/
54759259,super-motherload,negative,"Fun little classic game! This would EASILY be a ""thumbs UP"" IF it was 5-ish dollars. Sadly, for",https://steamcommunity.com/profiles/76561198010734079/recommended/269110/
53164061,super-motherload,negative,it's... alright. it kills time but its nothing amazing.,https://steamcommunity.com/profiles/76561198141162939/recommended/269110/
52074999,super-motherload,negative,Exactly like the old flash game. Controls are garbage. Do not buy.,https://steamcommunity.com/profiles/76561198015620745/recommended/269110/
44379238,super-motherload,negative,"Too much grinding, uninteresting weird story, no checkpoint before boss fight, so dying = minutes of boring traveling",https://steamcommunity.com/profiles/76561197979259882/recommended/269110/
43169727,super-motherload,negative,"Great graphics compared to the older version, but the gameplay feels dumbed down, you don't need to enter",https://steamcommunity.com/profiles/76561198046264916/recommended/269110/
42435120,super-motherload,negative,"This game does not work, it has never worked. I have tried installing this on several different computers",https://steamcommunity.com/profiles/76561198089004421/recommended/269110/
40491625,super-motherload,negative,So what I did not like about this COMPARED to the original: It feels like you are forced,https://steamcommunity.com/profiles/76561197966850876/recommended/269110/
39274036,super-motherload,negative,If you find it on sale for 2$ it might be worth it if you also have nostalgia,https://steamcommunity.com/profiles/76561198059918308/recommended/269110/
39188459,super-motherload,negative,"Steep price for a grindy game, the only big benefit in my opinion is that you get to",https://steamcommunity.com/profiles/76561198171422774/recommended/269110/
38950369,super-motherload,negative,The free original version is better This one feels like it relies on grinding even more than the,https://steamcommunity.com/profiles/76561198049966313/recommended/269110/
37698777,super-motherload,negative,"Worst bossfight in the history of bossfights. The last portion of the game is massively frustrating, devoid of",https://steamcommunity.com/profiles/76561198080051681/recommended/269110/
36471378,super-motherload,negative,constantly crashes,https://steamcommunity.com/profiles/76561197971411710/recommended/269110/
35860334,super-motherload,negative,This game was ruined with all the stupid puzzles. People played this game because it was fun to,https://steamcommunity.com/profiles/76561198038944547/recommended/269110/
34166009,super-motherload,negative,Really disapointed in this game. most additions simpily serve to make gameplay longer which in turn make the,https://steamcommunity.com/profiles/76561198087754362/recommended/269110/
31955244,super-motherload,negative,Tags: Adventure - Sidescroll & Questing TLDR: Fun but outcompeted. Super Motherload is worse than the original Flash,https://steamcommunity.com/profiles/76561198027267313/recommended/269110/
31587853,super-motherload,negative,Boring af not worth 15 € Better play the normal free 2 play version,https://steamcommunity.com/profiles/76561198103461443/recommended/269110/
30324637,super-motherload,negative,All great stuff taken out of the original game. Sad. Worst followup ever.,https://steamcommunity.com/profiles/76561197994301315/recommended/269110/
29346332,super-motherload,negative,hoping for a bit more than the last free game on a lil fre extra pixels for 15,https://steamcommunity.com/profiles/76561198049589651/recommended/269110/
28591053,super-motherload,negative,Not as fun as the original,https://steamcommunity.com/profiles/76561197967186969/recommended/269110/
26991656,super-motherload,negative,"Why on earth would you not make this game co-op online? Please stop being slack, do a hot",https://steamcommunity.com/profiles/76561198001438059/recommended/269110/
26497370,super-motherload,negative,"It's like a big ol' bag of potato chips- looks appealing on the shelf, easy enough to tear",https://steamcommunity.com/profiles/76561198005555352/recommended/269110/
25818273,super-motherload,negative,Cannot recommend this game.,https://steamcommunity.com/profiles/76561197967685936/recommended/269110/
25715429,super-motherload,negative,Played the first one. trust me this is most boring waste of your time if u wnt it,https://steamcommunity.com/profiles/76561198271848861/recommended/269110/
24042801,super-motherload,negative,"The game at first seems interesting, and has addicting aspects, but its very shallow. This game plays like",https://steamcommunity.com/profiles/76561197985969658/recommended/269110/
24027399,super-motherload,negative,"So after playing Super Motherload for 7 hours straight it crashed. No problem, I thought to myself, as",https://steamcommunity.com/profiles/76561198118504318/recommended/269110/
23964516,super-motherload,negative,The original Motherload was very fun and engaging. I thought it would be awesome to experience in multiplayer.,https://steamcommunity.com/profiles/76561198000983922/recommended/269110/
23510272,super-motherload,negative,DONT PURCHASE THIS GAME!! DONT EVEN GET IT ON G2A EVEN IF ITS $1 THE ORIGINAL IS 10X,https://steamcommunity.com/profiles/76561198164087180/recommended/269110/
23397349,super-motherload,negative,I got this solely to get a copy of Motherload: Goldium Edition on my Steam account. If you,https://steamcommunity.com/profiles/76561198078586375/recommended/269110/
22622863,super-motherload,negative,"I read some negative reviews, and I was like nah they have to be wrong im gonna buy",https://steamcommunity.com/profiles/76561198052097275/recommended/269110/
21435292,super-motherload,negative,"First of all: Pleace excuse my less than stellar grammar, english is not my first language. Second: Consider",https://steamcommunity.com/profiles/76561197986101440/recommended/269110/
20342080,super-motherload,negative,"The only appealing quality of this title is its soundtrack. The retro-future space-russian-whatever character aesthetics, the barely-existing joke-of-a",https://steamcommunity.com/profiles/76561197989246039/recommended/269110/
20018944,super-motherload,negative,"After all this time, I decided to play motherload again-only to see this one. Figured I'd give it",https://steamcommunity.com/profiles/76561198116407611/recommended/269110/
18650896,super-motherload,negative,it's bad,https://steamcommunity.com/profiles/76561198028615865/recommended/269110/
18339936,super-motherload,negative,"This game is like a book you absolutely love, and then the final chapter annoys so much you",https://steamcommunity.com/profiles/76561197974622842/recommended/269110/
18323295,super-motherload,negative,"I played the original Flash version of this when I was younger, and I enjoyed it quite a",https://steamcommunity.com/profiles/76561198025820005/recommended/269110/
18168604,super-motherload,negative,"A mildly more interesting version of SteamWorld Dig, but everything I said about SWD still applies here. So",https://steamcommunity.com/profiles/76561197994480308/recommended/269110/
17685996,super-motherload,negative,"DISCLAIMER: I give this like a 6/10, not a No/10 for reasons explained below. I can't in good",https://steamcommunity.com/profiles/76561198051713342/recommended/269110/
17598970,super-motherload,negative,"Super Motherload is very underwhelming. First off; I really liked to original back in the day, and while",https://steamcommunity.com/profiles/76561197977078490/recommended/269110/
17289972,super-motherload,negative,i cant play super motherload but i can play the orignal motherload i dont know why. super motherload,https://steamcommunity.com/profiles/76561198136952834/recommended/269110/
17227856,super-motherload,negative,"Keep in mind I didn't play very deep into this game; it didn't grab me at all, so",https://steamcommunity.com/profiles/76561198004890916/recommended/269110/
17162211,super-motherload,negative,if i really wana write the shortest review for this game in JUST one word it would be,https://steamcommunity.com/profiles/76561198038310096/recommended/269110/
17119913,super-motherload,negative,"You mine a few blocks, you run out of fuel... you die. One has to wonder, did anyone",https://steamcommunity.com/profiles/76561198026562146/recommended/269110/
17047002,super-motherload,negative,"As a fan of the original game I was kind of looking for this game, but honestly I",https://steamcommunity.com/profiles/76561197987731601/recommended/269110/
16865238,super-motherload,negative,"At first, the game is a lot of fun. You dig around, collect stuff, upgrade. About exactly what",https://steamcommunity.com/profiles/76561197989757468/recommended/269110/
16688405,super-motherload,negative,"I'm a little tied on whether to recommend this or not. On one hand, it's a charming simple",https://steamcommunity.com/profiles/76561197988827286/recommended/269110/
16512332,super-motherload,negative,Crashed.,https://steamcommunity.com/profiles/76561198080271609/recommended/269110/
15804873,super-motherload,negative,No multiplayer online !!,https://steamcommunity.com/profiles/76561198010488421/recommended/269110/
15747095,super-motherload,negative,Used C4 in hardcore mode right around Phase 2. Game crashed and no data saved... A poor mans,https://steamcommunity.com/profiles/76561197982971514/recommended/269110/
15013565,super-motherload,negative,Collect ore. Upgrade. Collect ore. Upgrade. Repeat.,https://steamcommunity.com/profiles/76561197971150993/recommended/269110/
14307366,super-motherload,negative,It's not terrible but it just isn't very good either. I'd rather play the original for free,https://steamcommunity.com/profiles/76561198151765798/recommended/269110/
14122479,super-motherload,negative,It would be an amazing game with a few shortcomings... if it weren't supposed to be the successor,https://steamcommunity.com/profiles/76561198059553059/recommended/269110/
14069434,super-motherload,negative,ballsuck,https://steamcommunity.com/profiles/76561198030646669/recommended/269110/
13933559,super-motherload,negative,There is absolutely no reason for the ''Multi-Player'' tag aswell as the local co-op. This game is Local,https://steamcommunity.com/profiles/76561198045037057/recommended/269110/
13521941,super-motherload,negative,"A great game, but found it completely unplayable due to repeatedly crashing during the simultanious use of C4",https://steamcommunity.com/profiles/76561198001139548/recommended/269110/
13049322,super-motherload,negative,I remember greatly enjoying the flash game. But I am not enjoying this one. However the graphics do,https://steamcommunity.com/profiles/76561198002401174/recommended/269110/
12484715,super-motherload,negative,"It starts out being a fun way to grind -- dig up materials, go back to the top,",https://steamcommunity.com/profiles/76561197974799482/recommended/269110/
12479238,super-motherload,negative,"It's a really good and improved version of the old browser-based motherload, but there's literally no way to",https://steamcommunity.com/profiles/76561198064182587/recommended/269110/
12466369,super-motherload,negative,"i'v been waiting for this game for years, i'v played the original one so much. i was so",https://steamcommunity.com/profiles/76561198093432046/recommended/269110/
12443402,super-motherload,negative,I've spent hundreds of hours playing the original Motherload Goldium. I bought a stop watch just for the,https://steamcommunity.com/profiles/76561198034964626/recommended/269110/
12397482,super-motherload,negative,"It does not start. I tried it on two setups. This isn't just my problem, there are more",https://steamcommunity.com/profiles/76561197993381827/recommended/269110/
11327987,super-motherload,negative,"TLDR: If you're looking for a good mining game like this but done right, check out a game",https://steamcommunity.com/profiles/76561197997884938/recommended/269110/
10981176,super-motherload,negative,summer FAIL 2014 it says clearly multiplayer and local co op... well its not online multiplayer... this sucks,https://steamcommunity.com/profiles/76561197993815324/recommended/269110/
234310740,super-motherload,positive,d,https://steamcommunity.com/profiles/76561198426208365/recommended/269110/
224626477,super-motherload,positive,.,https://steamcommunity.com/profiles/76561199225285658/recommended/269110/
219481413,super-motherload,positive,.,https://steamcommunity.com/profiles/76561198014985394/recommended/269110/
203258926,super-motherload,positive,"It isn't the original but it is still quite entertaining. Quite worth it on sale, not worth it",https://steamcommunity.com/profiles/76561198072946194/recommended/269110/
202100545,super-motherload,positive,If you are reading this im gonna stop you right here and tell you to buy this game.,https://steamcommunity.com/profiles/76561199837036729/recommended/269110/
201120473,super-motherload,positive,"Super Motherload is fun with friends for a few sessions, and a decent game on its own, but",https://steamcommunity.com/profiles/76561198039096325/recommended/269110/
199163770,super-motherload,positive,I used to play this ALL the time on Mini-clip!! I'm overjoyed that I get to experience it,https://steamcommunity.com/profiles/76561198309578530/recommended/269110/
199045129,super-motherload,positive,"Decently fun. For nostalgia, you can play the original, but I do think Super Motherload has done a",https://steamcommunity.com/profiles/76561198037650755/recommended/269110/
198706425,super-motherload,positive,Simple & satisfying to a point.,https://steamcommunity.com/profiles/76561197995067267/recommended/269110/
198514728,super-motherload,positive,"Loved playing this as a flash game on miniclip back in the day, and it still holds up!",https://steamcommunity.com/profiles/76561197984333407/recommended/269110/
198150086,super-motherload,positive,The original Motherload (in its Goldium version) is included in the purchase. That nostalgia alone is worth a,https://steamcommunity.com/profiles/76561198102807834/recommended/269110/
197005903,super-motherload,positive,Addictive.,https://steamcommunity.com/profiles/76561199037579720/recommended/269110/
195024478,super-motherload,positive,Includes the original 10/10,https://steamcommunity.com/profiles/76561198082174981/recommended/269110/
194306059,super-motherload,positive,"all the old fun of the flash game, with modern upgrades. full reccomend",https://steamcommunity.com/profiles/76561198283046624/recommended/269110/
191838749,super-motherload,positive,"good one , a classic",https://steamcommunity.com/profiles/76561198018563781/recommended/269110/
190151647,super-motherload,positive,fun to revisit.,https://steamcommunity.com/profiles/76561198039466880/recommended/269110/
190145758,super-motherload,positive,'- Game is fun - Supports local multipalyer - Classic Motherload is included for nostalgia - Runs Flawlessly,https://steamcommunity.com/profiles/76561197972268067/recommended/269110/
189975776,super-motherload,positive,Its good. Nostalgic.,https://steamcommunity.com/profiles/76561198057275917/recommended/269110/
189971204,super-motherload,positive,"The Super Motherload is fun, idk how multiplayer works as I don't have the friends to do it,",https://steamcommunity.com/profiles/76561198097985124/recommended/269110/
189879806,super-motherload,positive,I would say I enjoy this game. As someone who used to play the flash game Motherload back,https://steamcommunity.com/profiles/76561198158843646/recommended/269110/
226306412,digging-a-hole,negative,"The game dev is so lazy, there are 4 things you can upgrade and you can beat the",https://steamcommunity.com/profiles/76561199592929888/recommended/3244220/
226247132,digging-a-hole,negative,should be free,https://steamcommunity.com/profiles/76561198237338522/recommended/3244220/
226184887,digging-a-hole,negative,"The first while of this game is pretty good, however, once you get later game it is quite",https://steamcommunity.com/profiles/76561199386159097/recommended/3244220/
225806193,digging-a-hole,negative,I dislike the ending.,https://steamcommunity.com/profiles/76561198022496012/recommended/3244220/
225678633,digging-a-hole,negative,"took about 60 minutes to beat, unfortunately this is less of a game and more of a concept",https://steamcommunity.com/profiles/76561198217599867/recommended/3244220/
225504780,digging-a-hole,negative,I was having fun digging a hole until the endgame. That part kind of sucks tbh :/,https://steamcommunity.com/profiles/76561198087764224/recommended/3244220/
225238142,digging-a-hole,negative,I was really into this until the horror ending. There was no warning about the horror ending. You're,https://steamcommunity.com/profiles/76561198129236995/recommended/3244220/
224850363,digging-a-hole,negative,Fun concept until it fails,https://steamcommunity.com/profiles/76561198066780161/recommended/3244220/
224803119,digging-a-hole,negative,I liked it for a bit but I kept getting lag spikes randomly while digging. :/ Id rather,https://steamcommunity.com/profiles/76561199640442619/recommended/3244220/
224613815,digging-a-hole,negative,It has a period of being really enjoyable but soon loses that sparkle. I wouldn't say this game,https://steamcommunity.com/profiles/76561199365750692/recommended/3244220/
224088379,digging-a-hole,negative,I played for 10 hours getting every achievement... ONLY ONE went through. no others worked. then at the,https://steamcommunity.com/profiles/76561199168095943/recommended/3244220/
224013319,digging-a-hole,negative,Just ok,https://steamcommunity.com/profiles/76561198154178447/recommended/3244220/
223951684,digging-a-hole,negative,"This is worth maybe $1. Really pretty lame. Has kind've a promising game loop, but it ends so",https://steamcommunity.com/profiles/76561197978294149/recommended/3244220/
223898879,digging-a-hole,negative,Don't buy it. Not even worth a cup of coffee. Ending is rubbish.,https://steamcommunity.com/profiles/76561198005134871/recommended/3244220/
223897473,digging-a-hole,negative,"I don't understand the popularity of this game. It's really not that deep -- pun intended. Sure, there's",https://steamcommunity.com/profiles/76561198202174298/recommended/3244220/
223872574,digging-a-hole,negative,i got to play it for 30 minutes and now it wont let me. every time i launch,https://steamcommunity.com/profiles/76561199806323360/recommended/3244220/
223864200,digging-a-hole,negative,What a ♥♥♥♥♥♥♥♥♥♥,https://steamcommunity.com/profiles/76561198004504216/recommended/3244220/
223692314,digging-a-hole,negative,It's not a bad game. I don't mind it I gave it around 36 minutes to see if,https://steamcommunity.com/profiles/76561198369619862/recommended/3244220/
223474974,digging-a-hole,negative,Pretty satisfying at first. Once it started becoming more of an exploration game it kind of lost its,https://steamcommunity.com/profiles/76561199017188652/recommended/3244220/
223352820,digging-a-hole,negative,It feels incomplete,https://steamcommunity.com/profiles/76561198050158626/recommended/3244220/
223078358,digging-a-hole,negative,Finished the game in 51 min and didn't go through the same thing again just for some achievements,https://steamcommunity.com/profiles/76561198237929746/recommended/3244220/
223062646,digging-a-hole,negative,indevidually haviing to click everytime u dig instead of being able to hold down left click is crazy.,https://steamcommunity.com/profiles/76561198978723693/recommended/3244220/
222979787,digging-a-hole,negative,"it was fun, and when i opened the crate in the garage i got a reward but then",https://steamcommunity.com/profiles/76561198305728341/recommended/3244220/
222546530,digging-a-hole,negative,Not really all the fun. Kinda tedious and usually most game dont bother me. Casually 100% the game,https://steamcommunity.com/profiles/76561198002111361/recommended/3244220/
222511447,digging-a-hole,negative,"playing similar games to this, loved them, but this game is just not it. not even remotely fun",https://steamcommunity.com/profiles/76561198354357072/recommended/3244220/
222441544,digging-a-hole,negative,you really dont need to play it,https://steamcommunity.com/profiles/76561199038895344/recommended/3244220/
222320788,digging-a-hole,negative,The speedrun achievement is based on a lot of randomness and is annoying.,https://steamcommunity.com/profiles/76561199203821591/recommended/3244220/
222128923,digging-a-hole,negative,Addictive but way to simple... It need more upgrade or things to do. it get old quick!,https://steamcommunity.com/profiles/76561198419096611/recommended/3244220/
222120298,digging-a-hole,negative,Dis gam no good :C,https://steamcommunity.com/profiles/76561199235472998/recommended/3244220/
222004745,digging-a-hole,negative,"Your first digging tools require you to mash left click. Once you've upgraded the digging tool enough, you",https://steamcommunity.com/profiles/76561198124814374/recommended/3244220/
221723001,digging-a-hole,negative,"better than the other digging game but way to short and no online, finished the game in like",https://steamcommunity.com/profiles/76561198997016084/recommended/3244220/
221344241,digging-a-hole,negative,Ending ruins it,https://steamcommunity.com/profiles/76561198094303854/recommended/3244220/
221303948,digging-a-hole,negative,Is this a game about digging a hole? Absolutely. No arguments there. Is this game fairly engaging through,https://steamcommunity.com/profiles/76561198072542042/recommended/3244220/
221190829,digging-a-hole,negative,Nice game but extremely short,https://steamcommunity.com/profiles/76561199240982577/recommended/3244220/
221007891,digging-a-hole,negative,better in videos,https://steamcommunity.com/profiles/76561199657133237/recommended/3244220/
220459877,digging-a-hole,negative,ive always wanted to play this game. as a left handed individual i like to use IKJL instead,https://steamcommunity.com/profiles/76561198729795419/recommended/3244220/
220346246,digging-a-hole,negative,short,https://steamcommunity.com/profiles/76561198040967546/recommended/3244220/
220222689,digging-a-hole,negative,"The ending was amusing, I'll give it that. But I wish there were more upgrades or they were",https://steamcommunity.com/profiles/76561198089878936/recommended/3244220/
220180131,digging-a-hole,negative,"At first this game looks fun, but honestly even just after a few minutes this got really boring.",https://steamcommunity.com/profiles/76561198262174619/recommended/3244220/
219912670,digging-a-hole,negative,this is so bad,https://steamcommunity.com/profiles/76561198747897318/recommended/3244220/
219792462,digging-a-hole,negative,"Can't remap controls, refunded.",https://steamcommunity.com/profiles/76561197993210399/recommended/3244220/
219692358,digging-a-hole,negative,its a good game but doesnt account for ppl i have gotten stuck blowing up and not findng,https://steamcommunity.com/profiles/76561199794987438/recommended/3244220/
219410857,digging-a-hole,negative,Only one map it's fun while you are doing it for the first time but it grows on,https://steamcommunity.com/profiles/76561199090042438/recommended/3244220/
218806303,digging-a-hole,negative,One of the games of all time. Wish I would've spent my 2 hours and $3 on something,https://steamcommunity.com/profiles/76561198068137829/recommended/3244220/
218600487,digging-a-hole,negative,not fun,https://steamcommunity.com/profiles/76561199771212076/recommended/3244220/
218466966,digging-a-hole,negative,"No clever mechanics, barely any story, no surprises, truly nothing more to expect than the title, but even",https://steamcommunity.com/profiles/76561198271733388/recommended/3244220/
218411340,digging-a-hole,negative,"Beat it in under 2 hours, $5 is a bit much for that little content.",https://steamcommunity.com/profiles/76561197968208825/recommended/3244220/
218344175,digging-a-hole,negative,way too quick to beat for its price.,https://steamcommunity.com/profiles/76561199558259726/recommended/3244220/
217610927,digging-a-hole,negative,"I knew what type of game this was, I wasn't expecting anything ground breaking(hah), just wanted something relaxing,",https://steamcommunity.com/profiles/76561198072556596/recommended/3244220/
217491649,digging-a-hole,negative,an hour in and you already have everything unlocked.,https://steamcommunity.com/profiles/76561198802418911/recommended/3244220/
217400211,digging-a-hole,negative,"Not worth your time. But if you choose to play it anyway, at least you won’t lose too",https://steamcommunity.com/profiles/76561197997017526/recommended/3244220/
217335712,digging-a-hole,negative,I think the game needs an accessibility feature where you can just hold click instead of needing to,https://steamcommunity.com/profiles/76561198139440386/recommended/3244220/
217272042,digging-a-hole,negative,"Played for a while, its fun enough. Unfortunately, the game tends to get crash/get stuck on loading screens",https://steamcommunity.com/profiles/76561197981845282/recommended/3244220/
217159946,digging-a-hole,negative,The pointlessness of the ending (especially being an ending where something you have to avoid is still what,https://steamcommunity.com/profiles/76561198064362166/recommended/3244220/
217129641,digging-a-hole,negative,Moles. Do not recommend.,https://steamcommunity.com/profiles/76561197989673946/recommended/3244220/
217025446,digging-a-hole,negative,"although its cheap its still not worth it imo, it can be beaten within an hour and the",https://steamcommunity.com/profiles/76561198055616522/recommended/3244220/
216719186,digging-a-hole,negative,Boring,https://steamcommunity.com/profiles/76561198101566174/recommended/3244220/
216670371,digging-a-hole,negative,"I honestly regret buying this game. I’ve only played it once or twice, and that was more than",https://steamcommunity.com/profiles/76561198875970163/recommended/3244220/
216581764,digging-a-hole,negative,I beat it in 40 minutes and after there is not really a point in playing... alsooo the,https://steamcommunity.com/profiles/76561199576829505/recommended/3244220/
216561078,digging-a-hole,negative,Pretty boring and literally like 1.5 hrs of gameplay total. $6 is too much for this,https://steamcommunity.com/profiles/76561199376161800/recommended/3244220/
216128429,digging-a-hole,negative,"The title is honest. Nothing particularly ""wrong"" with it, but just not my cup of tea. I found",https://steamcommunity.com/profiles/76561198040266597/recommended/3244220/
216054924,digging-a-hole,negative,"Once you get too deep, there are mole creatures, and they eat you and the equipment you and",https://steamcommunity.com/profiles/76561198240596238/recommended/3244220/
215961386,digging-a-hole,negative,Not sure what i was expecting but not that...,https://steamcommunity.com/profiles/76561199794313508/recommended/3244220/
215884683,digging-a-hole,negative,no gambling,https://steamcommunity.com/profiles/76561199684497718/recommended/3244220/
215867551,digging-a-hole,negative,"This game came highly recommended, and it was overwhelmingly mid. I kept waiting for the game to show",https://steamcommunity.com/profiles/76561197999168377/recommended/3244220/
215822402,digging-a-hole,negative,"Not worth it, even at $5. Simple games can be a lot of fun, but this one manages",https://steamcommunity.com/profiles/76561198157568769/recommended/3244220/
215656366,digging-a-hole,negative,"its defiantly for some people, i love digging games but gyatt damn that ending was not worth the",https://steamcommunity.com/profiles/76561199132266214/recommended/3244220/
215549884,digging-a-hole,negative,The fun part is really short. Progression is limited. UI is laggy. And the end part is dissapointing,https://steamcommunity.com/profiles/76561198867485969/recommended/3244220/
215441313,digging-a-hole,negative,Not bad for a 2 hour game. Though forcing a 30 minute speedrun achievement made me not want,https://steamcommunity.com/profiles/76561198046121019/recommended/3244220/
215042631,digging-a-hole,negative,"Buggy and laggy, what should be an enjoyable experience into a masure of fustration. Tnt clipping through things,",https://steamcommunity.com/profiles/76561198364404052/recommended/3244220/
215036237,digging-a-hole,negative,llllllllll,https://steamcommunity.com/profiles/76561198794341576/recommended/3244220/
214880299,digging-a-hole,negative,not worth it,https://steamcommunity.com/profiles/76561198255600093/recommended/3244220/
214844483,digging-a-hole,negative,"The game play is solid, loking achievements in game plus is advanced stupid. 8/10 before, 4/10 after.",https://steamcommunity.com/profiles/76561198017353885/recommended/3244220/
214700402,digging-a-hole,negative,"Didn't particularly like or dislike it. The ending was terrible as many other reviews would also imply, due",https://steamcommunity.com/profiles/76561198967655473/recommended/3244220/
214552716,digging-a-hole,negative,"I rarely give negative reviews, and this isn't a full throated negative review, rather a warning. For what",https://steamcommunity.com/profiles/76561197988803613/recommended/3244220/
213952712,digging-a-hole,positive,Its pretty good but after the main story there's almost no reason to play.,https://steamcommunity.com/profiles/76561199540420960/recommended/3244220/
217969381,digging-a-hole,positive,"As an archaeologist, I can't not be intrigued by digging holes. I was glad to not see the",https://steamcommunity.com/profiles/76561197995228160/recommended/3244220/
220215942,digging-a-hole,positive,"Fun, simple and relaxing little game about.. literally digging a hole! Dig, find rocks, sell them, upgrade your",https://steamcommunity.com/profiles/76561198263092255/recommended/3244220/
222382282,digging-a-hole,positive,Very satisfying short game with an interesting ending. Worth a few dollars if you are looking for a,https://steamcommunity.com/profiles/76561198106019270/recommended/3244220/
215710545,digging-a-hole,positive,If you're the sort of person that could get possessed mining block after block of obsidian then this,https://steamcommunity.com/profiles/76561197968658621/recommended/3244220/
224643039,digging-a-hole,positive,"really fun game, but wish it could have more content. although, even if it was short, i still",https://steamcommunity.com/profiles/76561199467126257/recommended/3244220/
219801263,digging-a-hole,positive,"Great cozy game or ""Dad core"" as i have been told. You get a house, you dig. Sounds",https://steamcommunity.com/profiles/76561198045701821/recommended/3244220/
207929926,digging-a-hole,positive,It has that Minecraft tranquillity when you put on a livestream/podcast on while mindlessly digging around your backyard,https://steamcommunity.com/profiles/76561199387434371/recommended/3244220/
206666740,digging-a-hole,positive,"fun game, very chill to play. wish there was a little more to the game though, more upgrades,",https://steamcommunity.com/profiles/76561199043645550/recommended/3244220/
207623803,digging-a-hole,positive,"For $5 I feel conflicted about A Game About Digging A Hole. On one hand, it's a novel",https://steamcommunity.com/profiles/76561198280991070/recommended/3244220/
225849029,digging-a-hole,positive,"I think it's pretty fun and satisfying, however my biggest complaint is that you can only get two",https://steamcommunity.com/profiles/76561198059811454/recommended/3244220/
205967352,digging-a-hole,positive,"It's fun, it's cheap, not a huge fan of the bits after digging but it's fun and it's",https://steamcommunity.com/profiles/76561198165233250/recommended/3244220/
231564314,digging-a-hole,positive,"I LOVED this game. I knew going in that I was going to have a pretty good time,",https://steamcommunity.com/profiles/76561199012625095/recommended/3244220/
229760419,digging-a-hole,positive,"Short but cheap , story light and simple satisfying gameplay. Sometimes you just want a game where you",https://steamcommunity.com/profiles/76561198045236620/recommended/3244220/
212777644,digging-a-hole,positive,It's a game about digging a hole and eventually falling into what you think is another cave and,https://steamcommunity.com/profiles/76561198346441660/recommended/3244220/
231446584,digging-a-hole,positive,"I love how cozy this game is. Very short one playtrough, but still enjoyable. Best game so u",https://steamcommunity.com/profiles/76561198038825047/recommended/3244220/
213647749,digging-a-hole,positive,"very good, short a little bit, but it's ok",https://steamcommunity.com/profiles/76561197992559960/recommended/3244220/
223332005,digging-a-hole,positive,"One of those games where I really wish there was more here, because I didn't want it to",https://steamcommunity.com/profiles/76561197996952421/recommended/3244220/
226709062,digging-a-hole,positive,Really fun game. The long fall achievement felt too tedious after completing the game first while removing every,https://steamcommunity.com/profiles/76561198015261565/recommended/3244220/
228362506,digging-a-hole,positive,"For the price of a coffee, one can get an awesome little game. This is a decently made",https://steamcommunity.com/profiles/76561199182757615/recommended/3244220/
