recommendation_id,batch,sample_streams,created_utc,updated_utc,fetched_utc,reviewer_display_name,word_count,review_text_sha256,screening_status,finding_keys
232635132,90,all|recent,2026-08-12T05:48:57+00:00,2026-08-12T05:48:57+00:00,2026-09-09T18:36:20.388083+00:00,Ishvii,328,3cdc7053c67bac84f737a07791b8e5bdf4d6db7663b7780176b78cdf15984fe3,screened-not-selected,
230218520,90,all|recent,2026-07-11T14:58:43+00:00,2026-07-11T15:07:25+00:00,2026-09-09T18:36:20.388083+00:00,jonniespectre,229,46695aecb36c04cff53e7b08fea53629d32974bc115f7e460297469638c284b2,screened-not-selected,
224743310,90,all,2026-05-04T08:48:36+00:00,2026-05-04T08:48:36+00:00,2026-09-09T18:36:20.388083+00:00,ProperGandist,230,1e0c61d7d3b0a99e44eaafbc274680dd9731f13f7df2fa623e3b24b18195e55c,screened-not-selected,
225106238,90,all,2026-05-09T11:50:39+00:00,2026-05-09T12:05:03+00:00,2026-09-09T18:36:20.388083+00:00,Awe Nonsense,323,31d501e188c527a50b619122b0f81fd82d872a05e193e48b88ac3cce2ed6dbf9,selected-evidence,discovery-payoff
227029201,90,all|recent,2026-06-02T17:39:17+00:00,2026-06-02T17:41:22+00:00,2026-09-09T18:36:20.388083+00:00,De Lancre,100,f0a730505389c6d798bb8ca2bd30c411c64b50f5b7bcc18ddd851c3314770be8,screened-not-selected,
231912584,90,all|recent,2026-08-02T17:51:14+00:00,2026-08-02T17:51:14+00:00,2026-09-09T18:36:20.388083+00:00,tehgreg,71,c4c1ba2e27d2138293496fff9caccf20d4a8abe79afe12d84ca47558fa5a7549,screened-not-selected,
225657714,90,all|recent,2026-05-16T12:17:45+00:00,2026-05-16T12:17:45+00:00,2026-09-09T18:36:20.388083+00:00,Kalech,56,6dda59dbe33c92f681f7d0a5b95580942f3f7842b487c24fe2c5024405174ec4,screened-not-selected,
232842897,90,all|recent,2026-08-14T22:35:22+00:00,2026-08-14T22:35:22+00:00,2026-09-09T18:36:20.388083+00:00,Scorcher24,67,8e56e976d38ef8612f6fdcd5d5ecd5ea121a0c6189026d48a204559a5692a6aa,screened-not-selected,
224555981,90,all,2026-05-02T01:38:40+00:00,2026-05-11T03:02:29+00:00,2026-09-09T18:36:20.388083+00:00,Skylark-X,202,152e7985862048735e51c1ddbcce27afeacf5db799be3fae82ea233a8691bc61,screened-not-selected,
224775894,90,all,2026-05-04T18:28:21+00:00,2026-05-04T18:28:21+00:00,2026-09-09T18:36:20.388083+00:00,Diaman D,62,de495b6c50cb2bebed146fca16438336aa6d665c0b80e50667dcc7d6657c7ffd,screened-not-selected,
232261687,90,all|recent,2026-08-07T11:43:27+00:00,2026-08-07T11:43:27+00:00,2026-09-09T18:36:20.388083+00:00,Nina,64,e0201b9eaf547c427a9c71bc4afb0e1783c6b8a5e121a087e35654f34fec958e,screened-not-selected,
232044169,90,all|recent,2026-08-04T14:01:12+00:00,2026-08-04T14:12:39+00:00,2026-09-09T18:36:20.388083+00:00,TheLostOne(JamilNielsen),384,f93bc31cda3c829a13f6aaffbda1aed691c1ba8a7f33e738fe5db2ff15920217,screened-not-selected,
232193258,90,all|recent,2026-08-06T14:19:07+00:00,2026-08-06T14:19:07+00:00,2026-09-09T18:36:20.388083+00:00,TimHortonHAW,55,986acc9b75660c09c4628347997c46250fc529986e545c456cce2ad83cc75bae,screened-not-selected,
234140844,90,all|recent,2026-08-31T05:57:43+00:00,2026-08-31T05:57:43+00:00,2026-09-09T18:36:20.388083+00:00,Klacksaft,71,2aa22d24f25a6a13b2fab6fcb2e9ff4102c0bb67a7d26330191967205cc2c843,selected-evidence,purchase-value;short-game-value
224668382,90,all,2026-05-03T11:01:58+00:00,2026-05-03T11:27:08+00:00,2026-09-09T18:36:20.388083+00:00,Pr0v3n,1432,61e464f9ddeb6d42a0f65ccd108101f36ea04e6564e6edd176a49a6760b9399a,screened-not-selected,
224740922,90,all,2026-05-04T07:42:58+00:00,2026-05-04T07:42:58+00:00,2026-09-09T18:36:20.388083+00:00,Vivi,42,af59255e0fd9aa6f9bd576279554c3487ae77003e99fa0b4c6eef4cb19795dc0,screened-not-selected,
231814120,90,all|recent,2026-08-01T12:25:50+00:00,2026-08-01T12:25:50+00:00,2026-09-09T18:36:20.388083+00:00,Facts,77,d3dd415f82f9e67f59289e72236ac10a3c6fc156b02e16ee9f61a2f88f56493d,screened-not-selected,
232845435,90,all|recent,2026-08-14T23:23:00+00:00,2026-08-14T23:23:00+00:00,2026-09-09T18:36:20.388083+00:00,Blastbug,85,dfb796ba5ed4fb972d8d6c302e2d374fe420ce5b0413ec815b2b06cea1efae66,screened-not-selected,
232436566,90,all|recent,2026-08-09T15:30:02+00:00,2026-08-09T15:30:02+00:00,2026-09-09T18:36:20.388083+00:00,Canada,56,d1f17840d9b1e1dfc1a10ec593fc8b70532cde51fc90165ccfc0ed403d81ca22,screened-not-selected,
225333662,90,all|recent,2026-05-12T11:48:53+00:00,2026-05-12T11:48:53+00:00,2026-09-09T18:36:20.388083+00:00,Zyrppa,78,cf5e6b210d3f48d3ed615ffd9f51f81791bc2dca588929228b8f47b8cdda6498,screened-not-selected,
226335559,90,all|recent,2026-05-24T19:57:24+00:00,2026-05-24T19:57:24+00:00,2026-09-09T18:36:20.388083+00:00,Sketch865565,48,d68780dd2bb82e009f48969652f97a100ddd8db6fac3c020390d4c8724d622ec,screened-not-selected,
225902427,90,all|recent,2026-05-19T08:38:39+00:00,2026-05-19T08:38:39+00:00,2026-09-09T18:36:20.388083+00:00,Bizerco,46,feb98342254838929e13ac012e8c7b9d4c030477abd7601717820d926c9e85d8,screened-not-selected,
225520385,90,all|recent,2026-05-15T00:18:57+00:00,2026-05-15T00:18:57+00:00,2026-09-09T18:36:20.388083+00:00,Positivevibehealer,340,9b647ea1db1e228dab0bf835ff949f3b92c4949f49dbd7b32b05b311f82ef87f,selected-evidence,discovery-payoff
226273336,90,all|recent,2026-05-24T02:39:37+00:00,2026-05-24T02:39:37+00:00,2026-09-09T18:36:20.388083+00:00,Chindian,13,e17657519197138b0ae264b36f1522087768ccadd11cd6569e19ebba7794ee7c,screened-not-selected,
231702674,90,all|recent,2026-07-30T23:03:08+00:00,2026-07-30T23:03:54+00:00,2026-09-09T18:36:20.388083+00:00,Raudrick,231,13c4184efe9867b3f2378faa577fb0d281569953208243dcb31b4ce2e47d8bed,screened-not-selected,
232249343,90,all|recent,2026-08-07T07:05:17+00:00,2026-08-07T07:05:17+00:00,2026-09-09T18:36:20.388083+00:00,thepuddleboy,23,067ae076992fbe4b360ac0c5511733d19bc91c87ae35f612fc750c27729dd63f,screened-not-selected,
225370049,90,all|recent,2026-05-12T22:28:34+00:00,2026-05-12T22:28:34+00:00,2026-09-09T18:36:20.388083+00:00,Moosewatson,134,fe5e8bd0e9a171ecaf03ac428f884ca9bca4d320efdd636dc8089f05769e63a3,screened-not-selected,
224793480,90,all,2026-05-04T23:59:57+00:00,2026-05-04T23:59:57+00:00,2026-09-09T18:36:20.388083+00:00,MEGATRUCK,118,87cf007a8319350dcb9597d5053358285c6927bc0c7336ad31d4cb767dc39d02,screened-not-selected,
232157220,90,all|recent,2026-08-06T00:48:09+00:00,2026-08-06T00:48:09+00:00,2026-09-09T18:36:20.388083+00:00,Rex,24,b44eed5f16cca085f0c1e693a32734d1e9aeab0c98cbed144ae639781f991026,screened-not-selected,
232141017,90,all|recent,2026-08-05T19:45:47+00:00,2026-08-05T19:45:47+00:00,2026-09-09T18:36:20.388083+00:00,Streaksy,79,0a616ee97c3c71e3ad95cecaf4c1d944fef70f1f518ce8181a3af54bfea457cf,screened-not-selected,
224855664,90,all,2026-05-05T21:37:04+00:00,2026-05-05T21:37:18+00:00,2026-09-09T18:36:20.388083+00:00,George3011,69,09245a5d571c77703a54fc87d4d33e1e6209534b55d46e9ca23641559e334f23,screened-not-selected,
224667805,90,all,2026-05-03T10:51:41+00:00,2026-05-09T06:28:18+00:00,2026-09-09T18:36:20.388083+00:00,The Fabulous Slayer,174,a986785d352a52995cd274cb8a1e3c51198d7142353b2ce05046213797d4fe0a,screened-not-selected,
232588782,90,all|recent,2026-08-11T15:46:31+00:00,2026-08-11T15:46:31+00:00,2026-09-09T18:36:20.388083+00:00,atoli,81,b5bb3bf6a1e9d7fcca9a59641771f85cc2c5ea188eb184bf81958909740513a1,screened-not-selected,
230207839,90,all|recent,2026-07-11T12:27:28+00:00,2026-07-11T12:27:28+00:00,2026-09-09T18:36:20.388083+00:00,Sacson,20,27d25dcfa2763f932cade820bd99598bb0b215d624171fe355dfb3373030cdd2,screened-not-selected,
229660049,90,all|recent,2026-07-05T08:15:40+00:00,2026-07-05T08:15:40+00:00,2026-09-09T18:36:20.388083+00:00,Vektor,129,dbfac4ccd103835c3f74f486221430964e8ad08589673979af3d0cccda6c192d,screened-not-selected,
229622088,90,all|recent,2026-07-04T20:33:11+00:00,2026-07-06T15:00:42+00:00,2026-09-09T18:36:20.388083+00:00,Lil Quack,191,f87ba1ab25b55a41f61a7f4e364e6308dbb29cda14d85aaff7a34ea0e8462725,screened-not-selected,
229280187,90,all|recent,2026-06-30T22:09:41+00:00,2026-06-30T22:09:41+00:00,2026-09-09T18:36:20.388083+00:00,MuckingFuffins,80,c2081870d8bdb4feac39a9f8ded3f8c45609edb4d4b3b4f14ed03186486c1baa,screened-not-selected,
225516025,90,all|recent,2026-05-14T23:05:00+00:00,2026-05-14T23:05:00+00:00,2026-09-09T18:36:20.388083+00:00,Disczero,76,0958b3a8a88c6aff45d33946319de643d72ceb33c818e270750e955310d4072c,screened-not-selected,
225313449,90,all|recent,2026-05-12T02:02:54+00:00,2026-05-12T02:02:54+00:00,2026-09-09T18:36:20.388083+00:00,UwU Satowan,119,a3a4d9fc9e759a0b7a3d7c7a3d0d4df7f8614f9ac9dc2348fd57e5ddaa90396d,screened-not-selected,
229596570,90,all|recent,2026-07-04T15:10:19+00:00,2026-07-08T17:03:21+00:00,2026-09-09T18:36:20.388083+00:00,viking5123,75,b7643b9b7ebb2c51414e8ed3c652ea16d47dd2c46c5ff5dc0524bbc99274a596,selected-evidence,save-portability
225405713,90,all|recent,2026-05-13T13:59:11+00:00,2026-05-13T13:59:11+00:00,2026-09-09T18:36:20.388083+00:00,Nickaneki,114,e8a26d8fbe2f11dc7dce067a9e1df1c8a93a797eb712dbff950178a120eca4ad,screened-not-selected,
228559396,90,all|recent,2026-06-22T10:53:10+00:00,2026-06-22T10:53:10+00:00,2026-09-09T18:36:20.388083+00:00,Driix,167,1fcfb26dcbc03bfe02ac405121f60586ca51e11402edba03d930a592da32edc8,screened-not-selected,
229175943,90,all|recent,2026-06-29T18:42:33+00:00,2026-06-29T18:42:33+00:00,2026-09-09T18:36:20.388083+00:00,Olof-Knight,225,f3f8d525b656e178ff5ec63117e94c92db7cd531703d3da8fa6b0cba0ca211a8,screened-not-selected,
226442735,90,all|recent,2026-05-26T05:10:17+00:00,2026-05-26T05:10:17+00:00,2026-09-09T18:36:20.388083+00:00,Caressesn777,884,b5aa6451200b6f1c2f72918aa880f1b6b52f9e494246d45775e8aae06b530ea9,screened-not-selected,
226426400,90,all|recent,2026-05-25T23:08:57+00:00,2026-05-25T23:08:57+00:00,2026-09-09T18:36:20.388083+00:00,DuckPotato,57,3647b428fdc60fcef84f2f532602836a3f7b2b684ce80802fb11bb547d3c7718,screened-not-selected,
226198582,90,all|recent,2026-05-23T05:49:04+00:00,2026-05-23T05:49:30+00:00,2026-09-09T18:36:20.388083+00:00,squiresoup,133,09279d7ffe2861b7e3d7abecfffc513566a28417d0af9f705b6604468fba1a06,screened-not-selected,
225051686,90,all,2026-05-08T18:01:48+00:00,2026-06-28T18:38:58+00:00,2026-09-09T18:36:20.388083+00:00,Toadragon,184,18a1dd6b724dd2d5affbdebe9ebe69374f6635f6922112f0d7ea5fd6fc5bbac5,screened-not-selected,
224858305,90,all,2026-05-05T22:27:58+00:00,2026-05-05T22:30:47+00:00,2026-09-09T18:36:20.388083+00:00,FRYCRUMBS,126,78f5c462aea632dd798f976b76d1569ff94eac7e756fb57a2974aa984303cf49,screened-not-selected,
230330473,90,all|recent,2026-07-12T20:36:43+00:00,2026-07-12T20:36:43+00:00,2026-09-09T18:36:20.388083+00:00,Duckislate,49,9607f50f4fc23b978b0b06b68dc9a196b747e61976c4108189ab656ec2891716,screened-not-selected,
225229511,90,all,2026-05-10T20:41:03+00:00,2026-05-10T20:41:03+00:00,2026-09-09T18:36:20.388083+00:00,Agdane,269,e5914d9810a8559f2b04847ad377017074d60241bb31d1b19df16d2ac5758a03,selected-evidence,purchase-value
234636653,90,recent,2026-09-06T17:12:29+00:00,2026-09-06T17:12:29+00:00,2026-09-09T18:36:20.388083+00:00,Ironpalm-89,115,d0a05c4023b4613cc52ea866bc9e4be67de716148f9d37663c987cbe1f88ef28,screened-not-selected,
234414222,90,recent,2026-09-04T00:27:33+00:00,2026-09-04T00:27:33+00:00,2026-09-09T18:36:20.388083+00:00,Hell Jr,18,ce02c4ecd36d466cc2e1da93157967f698ead3b8e84cc42bb6540caa1fefafdc,screened-not-selected,
233696660,90,recent,2026-08-25T20:58:57+00:00,2026-08-25T20:58:57+00:00,2026-09-09T18:36:20.388083+00:00,grindzilla,99,2fe7eaa43e403581936b2264f80aa2e227163aed62a3641118417f62bf85e0f2,screened-not-selected,
233587522,90,recent,2026-08-24T12:15:38+00:00,2026-08-24T12:16:28+00:00,2026-09-09T18:36:20.388083+00:00,Mirron,76,ac718e438d564a714958702d3f56e0389d9cb3c7722d61cdadcfe1a2b360e80b,screened-not-selected,
233540180,90,recent,2026-08-23T19:49:37+00:00,2026-08-23T19:49:37+00:00,2026-09-09T18:36:20.388083+00:00,Orzu,100,22d645e599e0077db702f41431295de8a2a55eab8836850ae7f636351e655474,screened-not-selected,
233378858,90,recent,2026-08-21T22:46:44+00:00,2026-08-28T18:03:17+00:00,2026-09-09T18:36:20.388083+00:00,Listoric,85,89b3a08b5e08102f42c5f7e6faa600fcc2fde62a81f518894ef6f2eb37d25d3a,screened-not-selected,
233352998,90,recent,2026-08-21T16:12:37+00:00,2026-08-21T16:12:37+00:00,2026-09-09T18:36:20.388083+00:00,Brakiri,43,d335aaebd8aafd53d411b738ad5edfd92fcd761ff5eab86d00b99690b9760999,screened-not-selected,
233200955,90,recent,2026-08-19T15:06:28+00:00,2026-08-19T15:06:28+00:00,2026-09-09T18:36:20.388083+00:00,chokuritsu,44,09b8217e571f9a283328ea53bbbd6e7d926eb2dde26206f1b8b145aa0e8d51fa,screened-not-selected,
233112024,90,recent,2026-08-18T09:59:28+00:00,2026-08-18T09:59:28+00:00,2026-09-09T18:36:20.388083+00:00,21none12,36,3bda3e47ce741960d6ea4bb2934fa511116062df14ceae62d30b92668be5f13b,screened-not-selected,
233061012,90,recent,2026-08-17T16:52:48+00:00,2026-08-17T16:52:48+00:00,2026-09-09T18:36:20.388083+00:00,Maze,173,7dc678f43dd410fed750b152e520538f3003f3c6d570340b367229111184ba1a,screened-not-selected,
232919652,90,recent,2026-08-15T21:21:32+00:00,2026-08-15T21:21:32+00:00,2026-09-09T18:36:20.388083+00:00,sprusezues,139,2501b6358091968c2fa53fd8978023d368724e30a8f8e0d13039d8c0025195fe,screened-not-selected,
232825922,90,recent,2026-08-14T18:02:35+00:00,2026-08-14T18:02:35+00:00,2026-09-09T18:36:20.388083+00:00,ThomasTheCheatEngine,127,3e38bbcee20a76a39444e2bc66f7541e60303b6607ecbce407d7da7ba9501a62,screened-not-selected,
232551143,90,recent,2026-08-11T02:45:04+00:00,2026-08-11T02:45:04+00:00,2026-09-09T18:36:20.388083+00:00,Hagen,9,c20b50bd00ad615193369089a88ecd05ee84b7d91218b00d72a19f1e3c8f1d2a,screened-not-selected,
232387583,90,recent,2026-08-09T00:03:26+00:00,2026-08-09T00:03:26+00:00,2026-09-09T18:36:20.388083+00:00,BØRED GØD,37,1f9ea4b3d366f0395b900e14ca9b7d8978a6d8ecb427c89a97cc93a8f2701365,screened-not-selected,
232139691,90,recent,2026-08-05T19:22:30+00:00,2026-08-05T19:22:30+00:00,2026-09-09T18:36:20.388083+00:00,Saad,39,1d05994c3f985fab98523d9a3df6a4dc0040493f741e16aaa90ad2dc3edc39fc,excluded-language-mislabeled,
232092634,90,recent,2026-08-05T04:19:52+00:00,2026-08-05T04:19:52+00:00,2026-09-09T18:36:20.388083+00:00,Jenrya,88,6c579db5fd2dbba91616ca8176c2e6bee7f5231426544c90303d3559ae3d2f8e,screened-not-selected,
231627157,90,recent,2026-07-29T23:40:24+00:00,2026-07-29T23:40:24+00:00,2026-09-09T18:36:20.388083+00:00,Jack_99_00,15,bb6907305c5780aec8afe6fc09fd13a90b2f70c192e921b7825b6c59b350b132,screened-not-selected,
230867034,90,recent,2026-07-19T21:53:24+00:00,2026-07-19T21:53:24+00:00,2026-09-09T18:36:20.388083+00:00,alhexx,89,9537a3aa50a56c1688d224ecf8b34aef4f47d39eaea24d717507690f0035484b,screened-not-selected,
230759552,90,recent,2026-07-18T14:13:08+00:00,2026-07-18T14:13:08+00:00,2026-09-09T18:36:20.388083+00:00,EricDraven,17,66c25ae06aac43c14e72632d5741a61f0c40b7632b26722aa3f830519c97e353,screened-not-selected,
230559181,90,recent,2026-07-15T20:24:17+00:00,2026-07-15T20:24:17+00:00,2026-09-09T18:36:20.388083+00:00,fanglore,128,d101ac562be48915c3fe1301144b51dc48bf676b8ebbc112cadfd6a8abc02a59,screened-not-selected,
229913118,90,recent,2026-07-08T05:57:54+00:00,2026-07-08T05:58:26+00:00,2026-09-09T18:36:20.388083+00:00,Girth Worm Jim,41,75cb2aac10ee95aadeeadd38847597b2fd2ab5ade522037dee381eb8731dd9ed,screened-not-selected,
229894821,90,recent,2026-07-08T00:11:21+00:00,2026-07-08T00:11:21+00:00,2026-09-09T18:36:20.388083+00:00,RAFEIRO,89,38ebb62e87ec718d4e2dac084c9896f862a7498f9f1c3b8784fee1ad628c2ace,screened-not-selected,
229862354,90,recent,2026-07-07T16:19:54+00:00,2026-07-07T16:19:54+00:00,2026-09-09T18:36:20.388083+00:00,starga,13,2b112a1d4ad20c2dae3169c3d894e41ff3b303f2eb444a3b09bc5cd788576036,screened-not-selected,
229748414,90,recent,2026-07-06T07:35:03+00:00,2026-07-06T07:35:03+00:00,2026-09-09T18:36:20.388083+00:00,Langerike,137,ce38b9e63eb99e7e2bc7d44976282f0f1c52c39c08a63f9d304ee28f4a6d3e29,screened-not-selected,
229742859,90,recent,2026-07-06T05:17:45+00:00,2026-07-06T05:17:45+00:00,2026-09-09T18:36:20.388083+00:00,aria123skye,52,f0ca751ee85ef9b63f1234c9c143ae459a00ef95cc8d6f06889eea3cf289d8e3,screened-not-selected,
229720156,90,recent,2026-07-05T21:56:39+00:00,2026-07-05T21:56:39+00:00,2026-09-09T18:36:20.388083+00:00,SnowFlame,494,8511ee02fac1efa5365dc69a823475808c882c602ef978e629f77482019fb9fd,selected-evidence,purchase-value
229715243,90,recent,2026-07-05T20:45:01+00:00,2026-07-05T20:45:01+00:00,2026-09-09T18:36:20.388083+00:00,Useless,21,c827659e454957c060f0323b4d23c670f05effd0d438fdcd7a3e339117083bfb,screened-not-selected,
229414496,90,recent,2026-07-02T13:28:38+00:00,2026-07-02T13:28:38+00:00,2026-09-09T18:36:20.388083+00:00,Pidgin Toes,91,0ae4ec8ce327ec09f8a5d7724b3ee457b224ff81f4ea4d42652fe898ec92e403,screened-not-selected,
229379758,90,recent,2026-07-02T02:18:03+00:00,2026-07-02T02:25:46+00:00,2026-09-09T18:36:20.388083+00:00,Golod,284,a94f8427b7aef31a993cd177df2043d06794f442ccd53148e3cd0d5dd7b7e4ab,screened-not-selected,
229373517,90,recent,2026-07-02T00:13:32+00:00,2026-07-02T00:15:55+00:00,2026-09-09T18:36:20.388083+00:00,Ixsul,80,3656a3d4fa4bd2215fcdc41ad0c9d8f5e7fff2788ce9f2fe61ce8de7408fb5e8,screened-not-selected,
229347541,90,recent,2026-07-01T17:43:00+00:00,2026-07-01T17:43:00+00:00,2026-09-09T18:36:20.388083+00:00,LilMyssBree,149,d55d7b34f29c428ca38e308bc5ca5616ac359b66b0977a69a8550a7f985daccc,screened-not-selected,
229000430,90,recent,2026-06-27T21:17:40+00:00,2026-06-27T21:17:40+00:00,2026-09-09T18:36:20.388083+00:00,Innocent Little Necromancer,70,603b8666d4a7d6e709c3e457a2271f97752ebc4061020be517af7a5807d89c23,screened-not-selected,
228711830,90,recent,2026-06-24T12:58:02+00:00,2026-06-24T12:58:02+00:00,2026-09-09T18:36:20.388083+00:00,Bastet,67,4d972bb1f754bc08c80584008ceedfa6bfed667447882087df2b8563adc44c28,screened-not-selected,
228022977,90,recent,2026-06-15T12:51:45+00:00,2026-06-15T12:51:45+00:00,2026-09-09T18:36:20.388083+00:00,Microsoft Word,52,b2f4bf47a2bce0001800aa1649964614f479bbc4882a2fd14f52ed7c39f07c34,screened-not-selected,
227984743,90,recent,2026-06-14T21:39:04+00:00,2026-06-14T21:39:04+00:00,2026-09-09T18:36:20.388083+00:00,Albert,22,cd85728e64c3de50f85f5bef1966458d002523c9f530d2e08bb7cc9fd803a4e2,screened-not-selected,
227587782,90,recent,2026-06-09T19:22:59+00:00,2026-06-09T19:22:59+00:00,2026-09-09T18:36:20.388083+00:00,BionicShadowWalker,27,385ae6af0017951712f3ebade9cf4e03fad6e4eb088c55024f634b31899c22ba,screened-not-selected,
227328163,90,recent,2026-06-06T15:47:00+00:00,2026-06-06T15:47:00+00:00,2026-09-09T18:36:20.388083+00:00,heptagon,56,d57747bda05dc9663a8d0efca2ab5cc315fee54c23ba2b6b3fbdc79562ffe2e0,screened-not-selected,
227216053,90,recent,2026-06-05T07:40:40+00:00,2026-06-05T07:40:40+00:00,2026-09-09T18:36:20.388083+00:00,Quess,134,816f3a78f2582e8c2e8d46ca7e607eee961aa5260e860762a010843118a8339c,screened-not-selected,
227103599,90,recent,2026-06-03T18:10:31+00:00,2026-06-03T18:10:31+00:00,2026-09-09T18:36:20.388083+00:00,Overused Waterbottle,123,73590a927d9f603245df3cc3e17f20dca7a07295d8e7d409341bc4547f893d7f,screened-not-selected,
226921347,90,recent,2026-06-01T05:08:31+00:00,2026-06-01T05:08:31+00:00,2026-09-09T18:36:20.388083+00:00,Fearless Jay,6,20dc686ba87c0c2c371080fd66f69993a7f6add891d30bc6c21fd2a8a4d07c07,screened-not-selected,
226722655,90,recent,2026-05-29T19:46:39+00:00,2026-05-29T19:46:39+00:00,2026-09-09T18:36:20.388083+00:00,CaringSoul,79,3d41fb9b8899faeb74232d079b8f9e45c5106f985591e4e48f28f92b29747f90,screened-not-selected,
226715647,90,recent,2026-05-29T18:00:45+00:00,2026-05-29T18:00:45+00:00,2026-09-09T18:36:20.388083+00:00,jonnysilverhand,4,be274860d50e913f59359003c1936d29ab25632cc7c5867bc63a9f1816ee17c5,screened-not-selected,
226522316,90,recent,2026-05-27T02:53:36+00:00,2026-05-27T02:53:36+00:00,2026-09-09T18:36:20.388083+00:00,Spodi,1,c560122ac4706dcb19bcb43defe2afa6e84809176688807abd297bf17cd76388,screened-not-selected,
226469846,90,recent,2026-05-26T14:56:49+00:00,2026-05-26T14:56:49+00:00,2026-09-09T18:36:20.388083+00:00,Colorado23,24,4310b865137b2f9da499149da08a1cb710d012ee878ab057db932796e58d9163,screened-not-selected,
226404428,90,recent,2026-05-25T17:45:02+00:00,2026-05-25T17:45:02+00:00,2026-09-09T18:36:20.388083+00:00,Wufferius,235,8479e10c0d387cc3d6a0dc58807265c82ecb72659045017cc0bd6277603975c5,screened-not-selected,
226382053,90,recent,2026-05-25T12:07:29+00:00,2026-05-25T12:07:29+00:00,2026-09-09T18:36:20.388083+00:00,Stoic Goat,102,73c6112e12501bd9a3327a1e4363c479046b68421f5d831cc948ebb6f996eb7c,screened-not-selected,
226191402,90,recent,2026-05-23T03:16:14+00:00,2026-05-23T03:17:24+00:00,2026-09-09T18:36:20.388083+00:00,Goddamn Superhero,186,465c5642839cf25b16f6bc682fe349b84d3e8dfe21c4c50d73da94c2d7f307ee,selected-evidence,discovery-payoff
226170526,90,recent,2026-05-22T20:45:15+00:00,2026-05-22T20:45:15+00:00,2026-09-09T18:36:20.388083+00:00,What is Winrate,87,07f9c997017326d2aa0ae68967ab69750810ba655e57eaba9bbff84fbe2e4f78,screened-not-selected,
226130070,90,recent,2026-05-22T10:20:15+00:00,2026-05-22T10:20:15+00:00,2026-09-09T18:36:20.388083+00:00,Bao,38,f9c5906031d15711078d38a178e0abd1b8ab41facec6af925c2f829ba063aafb,selected-evidence,finite-recovery
226089882,90,recent,2026-05-21T19:36:44+00:00,2026-05-21T19:36:44+00:00,2026-09-09T18:36:20.388083+00:00,Heisenbergch3nh2,97,ab936036c20edc727b5a0114b587dc6683e727354be2b218ed43c489190e231b,screened-not-selected,
229904514,90,all,2026-07-08T03:03:13+00:00,2026-07-08T03:06:14+00:00,2026-09-09T18:36:20.388083+00:00,Grumpette,58,971c1277ebcabf78798fc61fc1639091949456f1bb53323ee528783d0fd4009f,screened-not-selected,
227449147,90,all,2026-06-07T23:10:01+00:00,2026-06-07T23:16:47+00:00,2026-09-09T18:36:20.388083+00:00,Rose Nylund,40,5938432bf5f6e26d98dccc6f016f7ba36a76b480c722d6f195465b81d9ac7416,screened-not-selected,
224698768,90,all,2026-05-03T17:58:40+00:00,2026-05-03T17:58:40+00:00,2026-09-09T18:36:20.388083+00:00,stoverkk,247,7b1de11e264d0a9daa0106d69ee844a86db0aa764afd8100e8e2b65a216a1860,selected-evidence,discovery-payoff;counterevidence
224532706,90,all,2026-05-01T19:09:52+00:00,2026-05-01T19:09:52+00:00,2026-09-09T18:36:20.388083+00:00,КАМБУЧА,32,b1e6dcd1bd404449a757b64c4c7f28598891ebdb0a1c86ebd47f3ea601975c68,screened-not-selected,
226104829,90,all,2026-05-22T00:05:27+00:00,2026-05-22T00:05:27+00:00,2026-09-09T18:36:20.388083+00:00,Grisu,58,cf71a459980190f459d5bc2d060f4cc092fc7fa5c56ffc3696eaef150a253020,screened-not-selected,
225198707,90,all,2026-05-10T13:46:24+00:00,2026-05-10T14:16:09+00:00,2026-09-09T18:36:20.388083+00:00,Truck Johnson,79,271806beec1f29dfb6d68d4fdab445940792173882c5ac28f7d1d3f706b758bd,screened-not-selected,
228941385,90,all,2026-06-27T07:51:39+00:00,2026-06-27T07:51:39+00:00,2026-09-09T18:36:20.388083+00:00,Brat,343,709a252d411a5180ee42d958215af9958600deb9d439825d9fcb5e50d632ea95,screened-not-selected,
231984785,90,all,2026-08-03T17:31:01+00:00,2026-08-03T17:34:17+00:00,2026-09-09T18:36:20.388083+00:00,Akhlys,247,3380c6d35556abd5d01c70faeb50c24682d69ee71762a2eba9468d47a3a1dd67,selected-evidence,purchase-value;counterevidence
226288943,90,all,2026-05-24T08:09:23+00:00,2026-05-24T08:09:23+00:00,2026-09-09T18:36:20.388083+00:00,ptilrem,47,20d1a83ce78bcdbac95aae11d1b763e82a50885166c344c7be2ef92265ecb80a,screened-not-selected,
224722890,90,all,2026-05-04T00:12:58+00:00,2026-05-04T00:12:58+00:00,2026-09-09T18:36:20.388083+00:00,Riley,77,5db22ff82ec7507030a442d8889aa6d9da1d13127d3830681217f1eac1fdd066,screened-not-selected,
224608018,90,all,2026-05-02T17:03:54+00:00,2026-05-02T17:03:54+00:00,2026-09-09T18:36:20.388083+00:00,Lazy,328,a90b1d972a37a648e4f2c96bd8262bd39a860fddf23965b838bcc4522f6ed5a2,selected-evidence,find-recoverability
228067172,90,all,2026-06-16T00:55:30+00:00,2026-06-16T00:55:30+00:00,2026-09-09T18:36:20.388083+00:00,Amarra Halstied,164,38e4478856f3768221b02f38607385170272483bb82e02a305b376cd092350ff,screened-not-selected,
232114602,90,all,2026-08-05T12:48:36+00:00,2026-08-05T12:48:36+00:00,2026-09-09T18:36:20.388083+00:00,KurukaChan,370,f250abfa5170559612b119f8350510803311f60abd400e46bbc83d8c3468c51c,screened-not-selected,
224535666,90,all,2026-05-01T19:50:59+00:00,2026-05-01T19:50:59+00:00,2026-09-09T18:36:20.388083+00:00,paprikaloyy,50,29f9b2ea7fd50a034261f433e4edd25056898ca413d31a81efe5de1ec23d627d,screened-not-selected,
225261958,90,all,2026-05-11T09:30:20+00:00,2026-05-11T09:30:20+00:00,2026-09-09T18:36:20.388083+00:00,Kasiornis,65,16a7acbe51e4b668f9b503554e44f7bc1a362862b484f32d0774da8f59f8aae5,screened-not-selected,
224951395,90,all,2026-05-07T10:13:22+00:00,2026-05-07T10:13:22+00:00,2026-09-09T18:36:20.388083+00:00,Caramella,93,53ea344fc320da710d39aefe6ac6829712f15911821d47eca4f9502fa7d02f80,screened-not-selected,
224611072,90,all,2026-05-02T17:45:08+00:00,2026-05-02T17:45:08+00:00,2026-09-09T18:36:20.388083+00:00,casualgames,38,68fc3f89af15979a29490a54eddcd5995136bb6c41db15a309deb74b8b17faf6,screened-not-selected,
224875881,90,all,2026-05-06T05:46:00+00:00,2026-05-06T05:46:00+00:00,2026-09-09T18:36:20.388083+00:00,dopeyy2,164,c205ea9bca0b0628b29e96e9f2a920d0cc1736856881c723cc972f9e74916c14,screened-not-selected,
229942231,90,all,2026-07-08T14:32:28+00:00,2026-07-08T14:32:28+00:00,2026-09-09T18:36:20.388083+00:00,TouchedJungus,74,6f5acae19f4150ba21e87e2d247e592345efda8f91135430cd9782a70e58ba69,selected-evidence,save-portability;counterevidence
225011191,90,all,2026-05-08T04:37:58+00:00,2026-05-08T04:37:58+00:00,2026-09-09T18:36:20.388083+00:00,scarletfire_995,9,4f965fcaae44e1dc124bc0a3d002b60fe55da9c39eacc9428c299ffc414e7018,screened-not-selected,
224538269,90,all,2026-05-01T20:28:47+00:00,2026-05-01T20:28:47+00:00,2026-09-09T18:36:20.388083+00:00,Devou,17,a79d7699538833ea84ef0299d5739e2a697903f1c8cf0dba0a999ace4109eb4a,screened-not-selected,
224660342,90,all,2026-05-03T08:30:56+00:00,2026-05-03T08:30:56+00:00,2026-09-09T18:36:20.388083+00:00,NekoGirl2k,54,5c29090a95941ffa5174633cad20e6d14a8b773e393bccf6a9e9881b8335afda,screened-not-selected,
224539387,90,all,2026-05-01T20:45:12+00:00,2026-05-01T20:45:12+00:00,2026-09-09T18:36:20.388083+00:00,Voltek,7,7929802d29b3a77532eea0640555ed96b78a92184daa06669a875fb772233cab,screened-not-selected,
224760970,90,all,2026-05-04T14:39:38+00:00,2026-05-04T14:39:38+00:00,2026-09-09T18:36:20.388083+00:00,Siberian,14,19cda870a23c95520ed27bf98e623b96a013180d121f575e0b78b71814812693,screened-not-selected,
224724824,90,all,2026-05-04T00:54:59+00:00,2026-05-04T00:54:59+00:00,2026-09-09T18:36:20.388083+00:00,Kickz,40,700de31153cd25fded31cc8d2969ddce2d14f9df1d432b7256dab7ea986f11c9,screened-not-selected,
215591058,90,all|recent,2026-01-09T20:36:39+00:00,2026-01-09T20:36:39+00:00,2026-09-09T18:36:20.388608+00:00,Fregor DOA,112,990bd4ec0d4cec76ad63c168022b5e50dc42fed32f845a16176a73fb6e63c841,excluded-goldium-only,
226258960,90,all|recent,2026-05-23T21:59:51+00:00,2026-05-23T21:59:51+00:00,2026-09-09T18:36:20.388608+00:00,Woodlock,51,834179f7e8e18a7cb8883f51ab741555b2bb5760f1b1f0ca47cbfc42ce626937,screened-not-selected,
214346956,90,all|recent,2025-12-27T15:17:40+00:00,2025-12-27T15:17:40+00:00,2026-09-09T18:36:20.388608+00:00,PuppiesAndKitties,188,fff7b3bd439930cbf4973e1ee97ae006a2d5a425d44bb07a6f6514ca0b5f17fd,screened-not-selected,
221248232,90,all|recent,2026-03-21T08:47:23+00:00,2026-03-21T08:47:23+00:00,2026-09-09T18:36:20.388608+00:00,AlloyZero,79,ea3180fd4019bf69c4b718c4cbb8d5ce40acd13ab8361abfdd99cbfffa5f496f,screened-not-selected,
227405012,90,all|recent,2026-06-07T13:15:17+00:00,2026-06-07T13:15:17+00:00,2026-09-09T18:36:20.388608+00:00,ZIKE,122,75768bcd866f47cf04fccaf77a7ed21284fe24c751d6be3c236a091e68062689,screened-not-selected,
214946233,90,all|recent,2026-01-02T19:18:46+00:00,2026-01-02T19:18:46+00:00,2026-09-09T18:36:20.388608+00:00,'-=ToX=-,418,86f297764ae6100e1fc705f3ad4087c2a4b94812fd579d037366bc58fecb4fc4,selected-evidence,finite-recovery;find-recoverability
209799132,90,all|recent,2025-11-21T22:30:17+00:00,2025-11-21T22:30:17+00:00,2026-09-09T18:36:20.388608+00:00,BrainyBY,44,76bb1dd72e231ab814ab87aa4137731d2e317fb9d6a9964444ad8da800503e2e,screened-not-selected,
207937090,90,all|recent,2025-10-30T07:00:29+00:00,2025-10-30T07:00:29+00:00,2026-09-09T18:36:20.388608+00:00,'-]SoF[-DoMiNaToR,44,3a7b45a81d6c2d5b280addd215ff0dc83f9b1581f8edba376e79c8472ec8961d,screened-not-selected,
208096817,90,all|recent,2025-11-01T02:16:45+00:00,2025-11-01T02:16:45+00:00,2026-09-09T18:36:20.388608+00:00,[TUFF] ApoohXi,11,41dbd8c7ffa7f6af2d4d96f784afa4af0d70da06611513357f38bc7e7f41746a,screened-not-selected,
211848407,90,all|recent,2025-11-30T09:59:57+00:00,2025-11-30T09:59:57+00:00,2026-09-09T18:36:20.388608+00:00,Kenzie,28,defa41672feb969c6fd2915d93d0369625c036b15855044ca57553c905b4de26,screened-not-selected,
208816854,90,all|recent,2025-11-09T16:18:00+00:00,2025-11-09T16:18:00+00:00,2026-09-09T18:36:20.388608+00:00,Maronin,5,7cdcc572051a7e90dd1f09ce5146b35ae32de0b3f76e8ac2fe6d12d9374358eb,screened-not-selected,
203458098,90,recent,2025-09-03T18:11:44+00:00,2025-09-03T18:11:44+00:00,2026-09-09T18:36:20.388608+00:00,Djinn,44,2af4d716238a24993763233d61e45f03ea3d7532f57aec60fdf1ca3e01b8fb3b,screened-not-selected,
202261276,90,recent,2025-08-16T16:32:02+00:00,2025-08-16T16:32:02+00:00,2026-09-09T18:36:20.388608+00:00,Insomnimaniac,34,7b3179a7295f2a8679dc2668c6eae89b9a02ecca2576ad0c87321ff9ca365f49,screened-not-selected,
201853112,90,recent,2025-08-10T16:18:26+00:00,2025-08-10T16:18:26+00:00,2026-09-09T18:36:20.388608+00:00,Shabach,197,1d57346051e59c5781332e0bd0da065903122fb71d367f3620b9237c1fb30630,screened-not-selected,
199398148,90,recent,2025-07-09T20:23:02+00:00,2025-07-09T20:23:02+00:00,2026-09-09T18:36:20.388608+00:00,chaoswhistler,237,752313ced898d40ff7bfe833edd5760724235ce9e503085b4d2b2a7fe9c48d69,selected-evidence,positioning;earned-power
198009716,90,recent,2025-06-24T03:39:26+00:00,2025-06-24T03:39:26+00:00,2026-09-09T18:36:20.388608+00:00,DooM,2,2aaa82331c34fd537c48033bbacd50c903a1f4bd6a65df6ca0154a45a4f4a26e,screened-not-selected,
190123551,90,recent,2025-03-13T22:44:22+00:00,2025-03-13T22:44:22+00:00,2026-09-09T18:36:20.388608+00:00,Bumfluff90210,32,7469080df354f6a20516ffd9d489311abcd0e0c8b3fdc3d5d504198dde890c08,screened-not-selected,
189587770,90,recent,2025-03-07T12:35:45+00:00,2025-03-07T12:35:45+00:00,2026-09-09T18:36:20.388608+00:00,Papaѕмυrғ,3,d5d4b3325f91df0a7984dcaddbf9362c185b7c515323e0dd59d0f2ec9c970a75,screened-not-selected,
188775309,90,recent,2025-02-26T05:54:44+00:00,2025-02-26T05:54:44+00:00,2026-09-09T18:36:20.388608+00:00,Jives,53,c24b1273796c3bc3258c33c850b9be37bb5b57f84af2d5d1bfed1c34a5ceda28,screened-not-selected,
188386254,90,recent,2025-02-21T04:56:33+00:00,2025-02-21T04:56:33+00:00,2026-09-09T18:36:20.388608+00:00,bradley.shaw86,32,2d46aca64ee50796fc04831870734f79e663376dd1152eeb10136dfef958f083,screened-not-selected,
188290951,90,recent,2025-02-19T19:48:18+00:00,2025-02-19T19:48:18+00:00,2026-09-09T18:36:20.388608+00:00,static void,108,3c05bbba8971398733ef40c9c25b763e604f0b486740a3dc13b69420c2b92852,screened-not-selected,
187846563,90,recent,2025-02-13T22:28:35+00:00,2025-02-13T22:28:35+00:00,2026-09-09T18:36:20.388608+00:00,Ω Spriggan Ω,755,b9811cc5c48ebe268eb74b25f9acc265f35cc445e07a08a76f631ce02428d511,screened-not-selected,
185720595,90,recent,2025-01-16T16:26:51+00:00,2025-01-16T16:26:51+00:00,2026-09-09T18:36:20.388608+00:00,tinytim42,30,0ab905f16e2b1b66509b3f2d430fd3c52aab27603685e374cd55b05c5efedde1,screened-not-selected,
177380848,90,recent,2024-10-20T04:54:46+00:00,2024-10-20T04:54:46+00:00,2026-09-09T18:36:20.388608+00:00,Dipcrack,10,c9cfdea35d87f4880f538379084c3d962ace558ed2bb3532c5b66af73f49ae9a,screened-not-selected,
176757210,90,recent,2024-10-10T13:58:45+00:00,2024-10-10T13:58:45+00:00,2026-09-09T18:36:20.388608+00:00,nifela,179,9e115f3838f912a3284f98285ba97c494d588826ecfbbcdfe0167a9bd64b17d9,screened-not-selected,
175413310,90,recent,2024-09-21T00:23:03+00:00,2024-09-21T00:23:03+00:00,2026-09-09T18:36:20.388608+00:00,.,0,e3b0c44298fc1c149afbf4c8996fb92427ae41e4649b934ca495991b7852b855,excluded-empty,
174973433,90,recent,2024-09-14T22:18:31+00:00,2024-09-14T22:18:31+00:00,2026-09-09T18:36:20.388608+00:00,Parallax Nishoba,0,e3b0c44298fc1c149afbf4c8996fb92427ae41e4649b934ca495991b7852b855,excluded-empty,
169642765,90,recent,2024-07-12T01:23:20+00:00,2024-07-12T01:23:20+00:00,2026-09-09T18:36:20.388608+00:00,firstnoob,76,8ebd5212ab3d3f4124b9d29d5e75b9dfb736436d2b9425245b35a0eb7e060efa,screened-not-selected,
169316376,90,recent,2024-07-08T09:40:31+00:00,2024-07-08T09:40:31+00:00,2026-09-09T18:36:20.388608+00:00,shannonpennefather,21,333af94bd0373a1d4bff66c2d05cb9b4afa50b871cb337e5b5a40111b3bafc16,screened-not-selected,
168715728,90,recent,2024-07-01T18:40:08+00:00,2024-07-01T18:40:08+00:00,2026-09-09T18:36:20.388608+00:00,Steefgozercool,1,2f1b21c08a0e60e7d20c550a27ffefc84fe45f75dfdc309a77a77650d3dbece2,screened-not-selected,
165950716,90,recent,2024-05-24T04:58:35+00:00,2024-05-24T04:58:35+00:00,2026-09-09T18:36:20.388608+00:00,Hap Potat,3,94dea8f1efce48bf8399e052b26ff8a4177508ffc7fdb5deb01925675d7b891d,screened-not-selected,
164003818,90,recent,2024-05-01T17:29:45+00:00,2024-05-01T17:29:45+00:00,2026-09-09T18:36:20.388608+00:00,Psyco,40,4577ddab8b0d29e2a7b838a1e1fb5986c0b4dcbda2e8781308bc46fe61889ba1,screened-not-selected,
163795740,90,recent,2024-04-28T19:01:54+00:00,2024-04-28T19:01:54+00:00,2026-09-09T18:36:20.388608+00:00,CatSword,144,3f7dbd4a2197f7825c283c6752e4ace61ea3e8cee75561a801e290b45ba1400b,screened-not-selected,
160080688,90,recent,2024-03-08T04:39:45+00:00,2024-03-08T04:39:45+00:00,2026-09-09T18:36:20.388608+00:00,andyluce1,1,cdb4ee2aea69cc6a83331bbe96dc2caa9a299d21329efb0336fc02a82e1839a8,screened-not-selected,
157009009,90,recent,2024-01-28T03:44:36+00:00,2024-01-28T03:44:36+00:00,2026-09-09T18:36:20.388608+00:00,Blue Sheep,55,8042d7bca8e2f17aa4ffcd4f4514d2de2d6d623e2bcdda1b0546329efbd422e5,screened-not-selected,
156122782,90,recent,2024-01-16T21:57:08+00:00,2024-01-16T21:57:08+00:00,2026-09-09T18:36:20.388608+00:00,allygeorgiton,19,dcc4a04c2d757aa375db87e0d45ad16f2f9ae3c8bb30481a6edd246190f54e5f,screened-not-selected,
155790659,90,recent,2024-01-12T03:12:55+00:00,2024-01-12T03:12:55+00:00,2026-09-09T18:36:20.388608+00:00,LeRobinBrier,57,12cc1255b48d794fe353641f985c535f7e98a3a34087740ce0865791e9980afc,screened-not-selected,
149980339,90,recent,2023-11-12T05:07:08+00:00,2023-11-12T05:07:08+00:00,2026-09-09T18:36:20.388608+00:00,kurkwelch58,4,556305c61a70dfe707965bbc975d8c553f67be163b4198866a11b2de8a84cb8d,screened-not-selected,
149372803,90,recent,2023-11-02T13:43:29+00:00,2023-11-02T13:43:29+00:00,2026-09-09T18:36:20.388608+00:00,Duikert,66,fa265f67f0c2b06ffaaf6be6e4c9933c34d48c03e2a3b331b9168c4268e9eec5,screened-not-selected,
148811132,90,recent,2023-10-24T20:49:07+00:00,2023-10-24T20:49:07+00:00,2026-09-09T18:36:20.388608+00:00,Fennegan,102,ceb6edede5ef1e010c462e047af7faf8acbbc1b6dd40df700686de914dbac53f,screened-not-selected,
148677067,90,recent,2023-10-22T15:03:58+00:00,2023-10-22T15:03:58+00:00,2026-09-09T18:36:20.388608+00:00,Sleepy Latte,38,efad4e95e2f397c5c28a5c8afc20e75a2e98173583eaec0ea1cb128e61c84953,screened-not-selected,
147934629,90,recent,2023-10-09T17:16:59+00:00,2023-10-09T17:17:24+00:00,2026-09-09T18:36:20.388608+00:00,TheLeon1897,519,cffd5370e2f36f53f4399aab26acfd92ff7557c8d69a638a6300e6e1123e7e2d,screened-not-selected,
146265816,90,recent,2023-09-14T06:40:29+00:00,2023-09-14T06:40:29+00:00,2026-09-09T18:36:20.388608+00:00,Mistress'FavoriteBoy,15,add1979ab9d2ea91b7addec1915c5b08286aa9cfdf0e64937b74c53733f942ba,screened-not-selected,
142420467,90,recent,2023-07-19T18:19:01+00:00,2023-07-19T18:19:01+00:00,2026-09-09T18:36:20.388608+00:00,ZITAPIS,17,cf64a125688fccc2d22110d882b116c313baaa81829806c6fc8148b0f9d29cd7,screened-not-selected,
142241590,90,recent,2023-07-17T02:26:26+00:00,2023-07-17T02:26:26+00:00,2026-09-09T18:36:20.388608+00:00,Tozscav,75,1b0630cb4822346530c2a529596be5bfb65cbced64cb9d7750ec10e47bbefc83,screened-not-selected,
142232734,90,recent,2023-07-16T22:46:18+00:00,2023-07-17T17:04:05+00:00,2026-09-09T18:36:20.388608+00:00,Caltrops,791,e944e7ac0f7da80d6463f1d1ab435bde43f9081e9de71b0c8cda3ee5d59ad8dd,screened-not-selected,
131964475,90,recent,2023-01-31T21:12:40+00:00,2023-01-31T21:12:40+00:00,2026-09-09T18:36:20.388608+00:00,NNevez,9,45b8f527109e64897679032a43fe47453234e2de8ac8b1ce3af6cf8da3f5ad03,screened-not-selected,
131839390,90,recent,2023-01-30T00:04:33+00:00,2023-01-30T00:04:33+00:00,2026-09-09T18:36:20.388608+00:00,Dovahkyyn,395,043ff4c54b637a61f2756986f901c04ad71746ef70fd255c870a9c84bac21cb9,screened-not-selected,
130468952,90,recent,2023-01-08T23:51:24+00:00,2023-01-08T23:57:04+00:00,2026-09-09T18:36:20.388608+00:00,SecretaryBird,283,914218b7d07693fc97390cd209b81d8e0f3b93c0bd9a0f0209fd353a8be16bad,selected-evidence,ending-clarity;purchase-value;counterevidence
129491061,90,recent,2022-12-28T05:32:26+00:00,2022-12-28T05:32:26+00:00,2026-09-09T18:36:20.388608+00:00,Raury,34,1a76822136c8ff291263432a5a05c988d63584d3d67480b6f84c44b5db9611a1,screened-not-selected,
129078905,90,recent,2022-12-23T08:06:59+00:00,2022-12-23T08:06:59+00:00,2026-09-09T18:36:20.388608+00:00,Symphony of the AFK Lord,7,d90d6f5548d56b03c6105ed9668e7dfd4319457266e8c881e9690d4ce9dd1639,screened-not-selected,
125716176,90,recent,2022-11-18T23:09:07+00:00,2022-11-18T23:09:07+00:00,2026-09-09T18:36:20.388608+00:00,Heisenberg,5,a8c2b182c3d0381b87adc5ee745d303bfd6350fbdbde1bb6661102b7cf45a38e,screened-not-selected,
125616579,90,recent,2022-11-17T09:16:59+00:00,2026-03-28T02:39:42+00:00,2026-09-09T18:36:20.388608+00:00,Sol Goodguy,17,916b97d7835b09c1f9253acea2a82914518ae56b2275a4968cf955c86ab3937a,screened-not-selected,
124007291,90,recent,2022-10-18T01:48:40+00:00,2022-10-18T01:48:40+00:00,2026-09-09T18:36:20.388608+00:00,Zerithos,170,fbeceb2c90fad28abb24e9154b39e87d98784e9aa3c3fe0e0b94395d5194bc54,selected-evidence,purchase-value
123701811,90,recent,2022-10-11T23:47:31+00:00,2022-10-11T23:47:31+00:00,2026-09-09T18:36:20.388608+00:00,bjorn_altenburg,123,8a39857e5de93218a9a6c00e2b1c329db54d0f394f912160af239aabf24a5bc2,screened-not-selected,
114084908,90,recent,2022-04-18T21:55:56+00:00,2022-04-18T21:55:56+00:00,2026-09-09T18:36:20.388608+00:00,Kyoni,26,a1bbb720914f7514e619962f01f07ba1c72db6c8eaf84089ff453ef2f57b8d76,screened-not-selected,
113926611,90,recent,2022-04-16T02:21:25+00:00,2022-04-16T02:21:25+00:00,2026-09-09T18:36:20.388608+00:00,BadBeat,372,b15fb6b110e0716ef28992679cb65205f8d988b4b4c007d156205a83d60a85f4,screened-not-selected,
113824244,90,recent,2022-04-14T05:11:18+00:00,2022-04-14T05:11:18+00:00,2026-09-09T18:36:20.388608+00:00,ChrisVirtual,13,89cdfe863ba6d83f086f708b67839c774c90b36d09ad08ec9f4f941cfee17435,screened-not-selected,
112436696,90,recent,2022-03-18T22:37:10+00:00,2022-03-18T22:37:10+00:00,2026-09-09T18:36:20.388608+00:00,DerBachi,11,1a8feb7aa596a1cff7a1bfa35334f95787a95136f996d0f807f0369f049e63c6,screened-not-selected,
111690751,90,recent,2022-03-06T17:15:39+00:00,2022-03-06T17:15:39+00:00,2026-09-09T18:36:20.388608+00:00,Rusty,231,bf8c834decaf176702312485d6522e94fe6c39729d4e8af6f91af8494941fa25,screened-not-selected,
110899461,90,recent,2022-02-24T20:09:54+00:00,2022-02-24T20:12:46+00:00,2026-09-09T18:36:20.388608+00:00,Tablis,211,87a50570f2d368cd5d3cfd0227fb124e035f37a95acb81b03e6c2aff06381bf6,screened-not-selected,
110599021,90,recent,2022-02-20T01:14:54+00:00,2022-02-20T01:14:54+00:00,2026-09-09T18:36:20.388608+00:00,Xenoun,95,ed72f8a6c2a0db75ab1798a3128946ab7ea83a13f0b84e7a87f4bcefd4b997a5,screened-not-selected,
108431690,90,recent,2022-01-21T04:25:52+00:00,2022-01-21T04:25:52+00:00,2026-09-09T18:36:20.388608+00:00,poutinator,20,ba50254b4af8bc1865a7dd83ab5c53749858482997580135fbb1c20574daf473,screened-not-selected,
107747822,90,recent,2022-01-10T19:16:18+00:00,2022-07-01T17:08:32+00:00,2026-09-09T18:36:20.388608+00:00,a Wise Old Man,149,966218a433b047a7ecc056a01e597805a596d12211697bc1b0946b05722ac1f9,screened-not-selected,
107278665,90,recent,2022-01-04T05:41:51+00:00,2022-01-04T05:41:51+00:00,2026-09-09T18:36:20.388608+00:00,theloonylizard,91,d2bf65f613779dd8115c6af27b0fdd688288c734eee81bae4878b6badeffd335,excluded-goldium-only,
103101604,90,recent,2021-11-20T03:02:58+00:00,2021-11-20T03:02:58+00:00,2026-09-09T18:36:20.388608+00:00,KillSun,81,67954dee3cca18ae72d449ec912e88877e14e6d852acad476b8d8c02767ef62f,screened-not-selected,
102829219,90,recent,2021-11-15T15:40:13+00:00,2021-11-15T15:40:13+00:00,2026-09-09T18:36:20.388608+00:00,HERAÐYS,15,a7f42e172bba888d2ae9b5f3704d87509c78036bb29c2cacf0534e9f75b0cb7d,screened-not-selected,
101864483,90,recent,2021-10-30T06:26:07+00:00,2021-10-30T06:26:07+00:00,2026-09-09T18:36:20.388608+00:00,zwtrammell,52,f5d8275da2a6c45ccfa2511b3f6360fcd1678c17669ca2977b00373d7a9c1cf9,screened-not-selected,
101241881,90,recent,2021-10-18T10:17:12+00:00,2021-10-18T10:17:12+00:00,2026-09-09T18:36:20.388608+00:00,Rezkin,10,1077941b09b03f57e267065b6839971875090b96948883873346eb48a1de6f32,screened-not-selected,
98337575,90,recent,2021-08-27T18:27:17+00:00,2021-08-27T18:27:17+00:00,2026-09-09T18:36:20.388608+00:00,ski,20,d2dbb0b0b1c76997b36cd9e133c28a8f7bcc395b611f8a740b086e37b1061834,excluded-language-mislabeled,
97369236,90,recent,2021-08-11T17:44:46+00:00,2021-08-11T17:44:46+00:00,2026-09-09T18:36:20.388608+00:00,MoonRocks15,68,4655621215f4f76981d7d6b197676c5a9516a4fb23779a70eed5ea030fee63a5,screened-not-selected,
96903972,90,recent,2021-08-04T01:55:35+00:00,2021-08-04T01:55:35+00:00,2026-09-09T18:36:20.388608+00:00,HouseFire,106,835165b9aec7533765eee22efbb2a9cfa58f21e56da9f2b34cc0ea694cb9c870,screened-not-selected,
94992882,90,recent,2021-07-03T23:13:15+00:00,2021-07-03T23:13:15+00:00,2026-09-09T18:36:20.388608+00:00,Smaxorus,85,d5ff70768f2a9ba1e79225efcce38d0c6f08319256063f7da3992a2528ae0158,screened-not-selected,
94419388,90,recent,2021-06-26T14:57:17+00:00,2021-06-26T14:57:17+00:00,2026-09-09T18:36:20.388608+00:00,DoorShutter,13,2330e4acda6be0c25eac222d1445b63edd6923266cd79dc8bd9fd3de5c7f45a6,screened-not-selected,
93597531,90,recent,2021-06-12T02:16:31+00:00,2021-06-12T02:16:31+00:00,2026-09-09T18:36:20.388608+00:00,slaqs,9,fe913e561eabb3d830a73d9cf6ad2d414fecaa00f7ef1dcb58d07d6f779cf85b,screened-not-selected,
92359121,90,recent,2021-05-21T14:41:55+00:00,2021-05-21T14:41:55+00:00,2026-09-09T18:36:20.388608+00:00,Ing-ing,18,b4bb60d3697dd6691d8e453e867e3cf1ba2528a4877221a10ec33192e38924b5,screened-not-selected,
91796079,90,recent,2021-05-11T00:58:41+00:00,2021-05-11T00:58:41+00:00,2026-09-09T18:36:20.388608+00:00,cactus angel,36,4655e5000c8a6c308c195d82e98388fea0461aaaa4ac968dcb8c54e0ffd2f695,screened-not-selected,
90022052,90,recent,2021-04-09T19:16:37+00:00,2021-04-09T19:20:13+00:00,2026-09-09T18:36:20.388608+00:00,Selvmordsbomben,86,621f722451dd6592d95e2d92228bdc00e82e950e72f160fe0e7863805fb1ccae,screened-not-selected,
89691612,90,recent,2021-04-04T09:33:21+00:00,2021-04-04T09:33:21+00:00,2026-09-09T18:36:20.388608+00:00,Jani,24,ffb9a3c691662ef1366fab0d8b83bc4dfb21d35bf9f3aeecba32d8c0e813bfba,excluded-goldium-only,
88445645,90,recent,2021-03-14T20:13:19+00:00,2021-03-14T20:13:19+00:00,2026-09-09T18:36:20.388608+00:00,Squip,18,b067f024ce42227ddacd73659bf0e76a2ecb23503396ab14fe3b29126af36787,screened-not-selected,
88049726,90,recent,2021-03-07T23:41:13+00:00,2021-03-07T23:41:13+00:00,2026-09-09T18:36:20.388608+00:00,Notloc,9,510ec5d85f2269365a63c8b289a687915a909f3f31f1167a7ea299a0893f95d8,screened-not-selected,
87757354,90,recent,2021-03-03T01:33:32+00:00,2021-03-03T01:33:32+00:00,2026-09-09T18:36:20.388608+00:00,Red XIII,16,87131119bcf17a35dfb3a7361bcaeaf57ddeaf79dab73cfbebe330306692a2bd,screened-not-selected,
85929722,90,recent,2021-02-04T08:17:15+00:00,2021-02-04T08:17:15+00:00,2026-09-09T18:36:20.388608+00:00,Kumirei,2,f2d0f83a005276a9a6bef1dbbcf76d4addc2f45808bffdf137160d2301230327,screened-not-selected,
85222764,90,recent,2021-01-23T19:50:06+00:00,2021-01-23T19:50:06+00:00,2026-09-09T18:36:20.388608+00:00,Rokue,21,b0f4254e4046b8f449d9d2b7fa1a02d59c2e317f7ba2ce313390b7fb8aa9c8fa,excluded-goldium-only,
84977532,90,recent,2021-01-19T13:55:52+00:00,2021-01-19T13:55:52+00:00,2026-09-09T18:36:20.388608+00:00,Asyllios,54,e27c9cef1dafe1ecd4891e36165648fac8a53825874ad9bbf0797605615cb17f,screened-not-selected,
84776640,90,recent,2021-01-16T08:56:52+00:00,2021-01-16T08:56:52+00:00,2026-09-09T18:36:20.388608+00:00,kingfeinix22,42,65d253c268336c9e1be2b67cc3b38d7e36b32225efb711504a78bb47d676e015,screened-not-selected,
84118320,90,recent,2021-01-06T02:32:12+00:00,2021-01-06T02:32:12+00:00,2026-09-09T18:36:20.388608+00:00,MysticEyes,29,8f63abf320d8122344805445dbc92ffe87b1bd1f32b276d6876286aaa2a51fb4,screened-not-selected,
82447902,90,recent,2020-12-15T19:04:38+00:00,2022-08-06T12:50:12+00:00,2026-09-09T18:36:20.388608+00:00,Bitchboy183,13,51ff8ba47bdfe586df32cbe7dd3286144b39d7e912ff1a9a77c75a62454a2532,screened-not-selected,
82399217,90,recent,2020-12-15T02:51:18+00:00,2020-12-15T02:51:18+00:00,2026-09-09T18:36:20.388608+00:00,Twixx,4,1fe823ed39139e1ef4072d75e9b2cac08f3cda3777b6d1b083d0ba8ddd94117a,screened-not-selected,
82374819,90,recent,2020-12-14T21:29:02+00:00,2020-12-14T21:29:02+00:00,2026-09-09T18:36:20.388608+00:00,Slipvyne,5,e7778c166c2b665bd0ffda9d7ff29c609cfc0a5e1c4c539c9d2bc721be59ba20,screened-not-selected,
81744369,90,recent,2020-12-06T19:49:23+00:00,2020-12-06T19:49:23+00:00,2026-09-09T18:36:20.388608+00:00,TFoxyBoy,1,8f6684b56dc41a02cca06030cb05f9f2a83092e7d86ce013f0467f2367be66c2,screened-not-selected,
79520551,90,recent,2020-11-19T19:03:58+00:00,2020-11-19T19:03:58+00:00,2026-09-09T18:36:20.388608+00:00,Dicboy,6,2b49258ef0b07fe2d30dfa0971ec3c3261f35ba6b3de1c55d4be74c7b06f3fa9,screened-not-selected,
77883909,90,recent,2020-10-20T18:40:25+00:00,2020-10-20T18:40:25+00:00,2026-09-09T18:36:20.388608+00:00,CarryAll,32,08f268b1f69b74e0bf88df2f7ed8e0a22b20139069f08b738dbcfa11c44e9983,screened-not-selected,
77761102,90,recent,2020-10-18T13:44:09+00:00,2020-10-18T13:44:09+00:00,2026-09-09T18:36:20.388608+00:00,wolfblaster,12,7a018701585dcf3f5b6e2139389a5a545046d7773bc86cf71e6f28eda312fdee,screened-not-selected,
76967563,90,recent,2020-10-03T13:12:59+00:00,2020-10-03T13:12:59+00:00,2026-09-09T18:36:20.388608+00:00,Wicomb,43,38af3abf5169e904072e17a0c5bfc30d6a38b06775a3abb68e6c93ed64d4f764,screened-not-selected,
76287886,90,recent,2020-09-20T16:22:00+00:00,2020-09-20T16:22:00+00:00,2026-09-09T18:36:20.388608+00:00,Captainshiny,1,cdb4ee2aea69cc6a83331bbe96dc2caa9a299d21329efb0336fc02a82e1839a8,screened-not-selected,
76051516,90,recent,2020-09-16T03:46:05+00:00,2020-09-16T03:46:05+00:00,2026-09-09T18:36:20.388608+00:00,Sahar9150,120,b9a2098c37dacbfe6ace9e561ac46d97a90fdedb0cf9bd5f088a20741cc2ee93,excluded-goldium-only,
73169017,90,recent,2020-07-23T16:39:48+00:00,2020-07-23T16:39:48+00:00,2026-09-09T18:36:20.388608+00:00,Mr.Big,4,dbf6c912708eeaf44257931e8eabd11b251a3e72be04d2fead257aba6350b112,screened-not-selected,
72866871,90,recent,2020-07-18T00:00:26+00:00,2020-07-20T04:29:08+00:00,2026-09-09T18:36:20.388608+00:00,Pothen,87,e1d49ad5fa143be8628bc98c931c3803e2be2ff81a8018a47f5ff036cec9d753,screened-not-selected,
72166396,90,recent,2020-07-06T14:33:47+00:00,2020-07-06T14:33:47+00:00,2026-09-09T18:36:20.388608+00:00,Ragnar,38,e3de4064677e3baae026a5c167a191ae61c2d20b3d26f9f261aab51596a0ec03,screened-not-selected,
231490885,90,all,2026-07-28T04:53:30+00:00,2026-07-28T04:53:30+00:00,2026-09-09T18:36:20.388608+00:00,Deepthought4234,39,c1a7d14876265e93513c026b5f835c35c185f206685c863550178c51fd3be694,screened-not-selected,
207245254,90,all,2025-10-21T15:49:47+00:00,2025-10-21T15:49:47+00:00,2026-09-09T18:36:20.388608+00:00,smiff will,69,318489d502fd15f141d6149cd24bc909012594d5c668aaa4174225739e9a2b1a,screened-not-selected,
212396142,90,all,2025-12-02T10:23:45+00:00,2025-12-02T10:23:45+00:00,2026-09-09T18:36:20.388608+00:00,Shadow suffer,306,b74e6e2b48e768a2ff204e7ffa924786e247000d83f2a046e887d2479bbfd8df,selected-evidence,purchase-value;counterevidence;positioning
231062491,90,all,2026-07-22T17:22:36+00:00,2026-07-22T17:22:36+00:00,2026-09-09T18:36:20.388608+00:00,Fisuxcel,11,a471a71b5abd36ac20d3c1a50eb4eb4a15f6983ffdca1354c4d4b2a1dd40b405,screened-not-selected,
228907924,90,all,2026-06-26T21:36:27+00:00,2026-06-26T21:36:27+00:00,2026-09-09T18:36:20.388608+00:00,OmegaPower,19,e38dd1fba69ae03dc7b9cde19fef4d02a4c61f9c6aa4dda9f5b8056433a5a04a,excluded-goldium-only,
234836170,90,all,2026-09-09T12:22:03+00:00,2026-09-09T12:22:03+00:00,2026-09-09T18:36:20.388608+00:00,Beemz💖,37,6bb26f58aa169021e25ded46a7330cb4db8ee9a313e291b99976a47c063cc615,screened-not-selected,
230292329,90,all,2026-07-12T12:07:04+00:00,2026-07-12T12:08:15+00:00,2026-09-09T18:36:20.388608+00:00,Hyperriel,150,520e98da9d83646c73fc9e509bb1c11c53eea5c012175daba0c035a2d107647c,screened-not-selected,
228566222,90,all,2026-06-22T13:08:33+00:00,2026-06-22T13:08:33+00:00,2026-09-09T18:36:20.388608+00:00,Omnislash,30,111091e5c4bf9761217768f12a078b7977ace598e85f4adec5f6620ee8e162bc,screened-not-selected,
227794810,90,all,2026-06-12T15:05:29+00:00,2026-06-12T15:05:29+00:00,2026-09-09T18:36:20.388608+00:00,Chaotically Chloe,74,68b6b692388af48c5e6f93566161bc6374d12c3bfaaeba0b4d2e8709643b7562,screened-not-selected,
226784407,90,all,2026-05-30T14:45:59+00:00,2026-05-30T14:45:59+00:00,2026-09-09T18:36:20.388608+00:00,Embers,21,6b1818cd7e179d4db720b49aeff38cc5ff776d600a9b9471e26121a62abfe201,screened-not-selected,
224373925,90,all,2026-04-29T18:17:08+00:00,2026-04-29T18:19:17+00:00,2026-09-09T18:36:20.388608+00:00,Achillean Frog,96,1a8066e945343db8aa6c9029a5a17b58792f77dac7d42bbc53fc3f243b19d38b,screened-not-selected,
223879851,90,all,2026-04-23T00:42:53+00:00,2026-04-23T00:42:53+00:00,2026-09-09T18:36:20.388608+00:00,andjohn,51,bf2b7418a6c3aade277c060a7d0a6a7c7b7d7f0210ef5d7d6078c14c3f312b56,screened-not-selected,
221896349,90,all,2026-03-28T07:31:17+00:00,2026-03-28T07:31:17+00:00,2026-09-09T18:36:20.388608+00:00,I like Susie,43,3440ccd3daec594a226499a7a8b73af14487aeed4361da99b6426835698a71c0,screened-not-selected,
221633304,90,all,2026-03-25T03:47:17+00:00,2026-03-25T03:47:17+00:00,2026-09-09T18:36:20.388608+00:00,WarpMechanic,205,0476b750f6dc28876d68c52b47456da4287df2249f9831c172894c4f1f3161c0,selected-evidence,ending-clarity;counterevidence
221149374,90,all,2026-03-20T12:33:43+00:00,2026-03-20T12:33:43+00:00,2026-09-09T18:36:20.388608+00:00,Пириней,13,37becd6feb000fed6e4930b217b7b9572be0487cc73baef562bd96ede1b02c09,screened-not-selected,
228810665,90,all,2026-06-25T18:38:55+00:00,2026-06-25T18:38:55+00:00,2026-09-09T18:36:20.388608+00:00,IronWolf269,30,a8c08a66ef4af3b028c14d03f0680df5c78eae8448db5d2f118c3efceeff1459,screened-not-selected,
214036457,90,all,2025-12-23T22:19:43+00:00,2025-12-23T22:19:43+00:00,2026-09-09T18:36:20.388608+00:00,ordaneryguy,23,229e6c9494fc1e58c3c49b6e54ddaff07c156e1e1f46b7139b9a0c7eec32a7f8,screened-not-selected,
222452438,90,all,2026-04-04T00:53:49+00:00,2026-04-04T00:53:49+00:00,2026-09-09T18:36:20.388608+00:00,Atk42 Games,13,4c2a24413c5debac0558261ee39682ec2d644db6a8215d0f45163a46ce305c12,screened-not-selected,
219210187,90,all,2026-02-25T17:18:49+00:00,2026-02-25T17:18:49+00:00,2026-09-09T18:36:20.388608+00:00,DeathRainer,24,93d36338f54f88af07ba9efc06667876a7c5e30f65b59478244a85ee2e50edba,excluded-goldium-only,
217274361,90,all,2026-01-31T18:29:11+00:00,2026-01-31T18:29:11+00:00,2026-09-09T18:36:20.388608+00:00,bigfooty,17,116e49e66bea48ba0e2c985a4cbfe12d326c20bd1d11a581dfbdd28b79723134,screened-not-selected,
217807212,90,all,2026-02-07T20:42:38+00:00,2026-02-07T20:42:38+00:00,2026-09-09T18:36:20.388608+00:00,Calum,13,735e646bfef5eebb13132e0c513c4780d83901667c0bf5d7ed32964f3b2b6a6c,screened-not-selected,
216020802,90,all,2026-01-15T15:18:50+00:00,2026-01-15T15:18:50+00:00,2026-09-09T18:36:20.388608+00:00,shrek420,5,6d1bbedc0d9b3e2785b38f8d9bfebd5c8a63984e52ebf5bafce0b9cdf9365204,screened-not-selected,
229073259,90,all,2026-06-28T16:12:30+00:00,2026-06-28T16:12:30+00:00,2026-09-09T18:36:20.388608+00:00,mint,9,3104ab59bb3d020cd2f7a84d0cee05380a281cd8b25ad293a40f6deefe1d5fb3,screened-not-selected,
224012786,90,all,2026-04-24T22:29:03+00:00,2026-04-24T22:29:03+00:00,2026-09-09T18:36:20.388608+00:00,zimlance,3,3369666735970ad29ad2e7e4ba2da0f38a86d743d5341f95463e29bb43185b58,screened-not-selected,
218153445,90,all,2026-02-12T15:28:19+00:00,2026-02-12T15:28:19+00:00,2026-09-09T18:36:20.388608+00:00,Wird.exe,7,eafa18d1c68be71b01622b6f19635c52f622bde5c9d08fbfbc569cc190c9c74b,screened-not-selected,
214110295,90,all,2025-12-24T22:39:57+00:00,2025-12-24T22:39:57+00:00,2026-09-09T18:36:20.389024+00:00,Gaumir,123,45f5f852005f6500101d8f39d4c7d9de8236d5a42d49bf23682d3f27a4fee67a,screened-not-selected,
226750377,90,all|recent,2026-05-30T04:34:18+00:00,2026-05-30T04:34:18+00:00,2026-09-09T18:36:20.389024+00:00,Justoni321,62,373f91a44a68b38f8ef0b39d2048af2350f1a04300c98cb3fefdb07e797e3e85,screened-not-selected,
205689270,90,all,2025-10-02T12:57:34+00:00,2025-11-27T00:38:50+00:00,2026-09-09T18:36:20.389024+00:00,Regolith,158,2286fffc168bd9186c56e88fd26da196d8be687682c93c48d862cdb22d472d24,screened-not-selected,
220009509,90,all,2026-03-06T19:24:36+00:00,2026-03-06T19:25:46+00:00,2026-09-09T18:36:20.389024+00:00,FGRaptor,216,0727609a44e28542dcf3ccee7f4c967b3c5daf3a1b52a58f9aef28e97f253b22,screened-not-selected,
231000969,90,all|recent,2026-07-21T19:39:16+00:00,2026-07-21T20:37:24+00:00,2026-09-09T18:36:20.389024+00:00,Thick Boy,999,d091b0ae201f7bd72a652ebb29b4dcacaf11357c3c72a3777ec7d885032dadd2,screened-not-selected,
233325706,90,all|recent,2026-08-21T08:06:39+00:00,2026-08-21T08:06:39+00:00,2026-09-09T18:36:20.389024+00:00,MegaMumber,55,0fe7e41d77d7bf9c143633a87ecd1b3d86fa9d5a2ba559b5f7b2529e484f55e5,screened-not-selected,
225077362,90,all|recent,2026-05-09T01:28:20+00:00,2026-05-09T01:28:20+00:00,2026-09-09T18:36:20.389024+00:00,Tavis,177,a700f844c3cd6660b4cac2f073b8eeb0b54b3172aba59a9d524dd06bf85f5c39,screened-not-selected,
233416281,90,all|recent,2026-08-22T11:23:05+00:00,2026-08-22T11:23:05+00:00,2026-09-09T18:36:20.389024+00:00,Rangerklypf [CG],46,5680ff53a3bf871d801288e2bc37c2f2b18cf9379a2343f116b3dda0d00c64bd,screened-not-selected,
233632723,90,all|recent,2026-08-25T00:36:16+00:00,2026-08-25T00:36:16+00:00,2026-09-09T18:36:20.389024+00:00,longlivethereaper,58,a0c32fc10431a69238e490acf22ff0b1a5cb7b60f409b2ff6d5ad5d98d241e74,screened-not-selected,
206069989,90,all,2025-10-06T21:12:25+00:00,2025-10-06T21:13:30+00:00,2026-09-09T18:36:20.389024+00:00,Racerexia,44,31bb0f611d34fda451392dbce0961acfe891d245e6f3007ec790abec12301c26,screened-not-selected,
206740959,90,all,2025-10-14T21:12:32+00:00,2025-10-14T21:12:32+00:00,2026-09-09T18:36:20.389024+00:00,ZelosZalis,137,e51e4765db1d0257e29be71a2b3670bf6ec47b634a71e015888554018c21c053,selected-evidence,discovery-payoff;purchase-value
213021904,90,all,2025-12-11T02:09:09+00:00,2025-12-11T02:13:02+00:00,2026-09-09T18:36:20.389024+00:00,Haan.exe,115,7bddecbea8e73f84fdd2be57dc8102dc21a24b2b95dfe774978242cd7901515a,screened-not-selected,
205397721,90,all,2025-09-28T13:20:28+00:00,2025-09-28T13:22:22+00:00,2026-09-09T18:36:20.389024+00:00,Akhlys,81,f318abf996fa0ccaacfbae626bb5302d4bfa7b690830d109e976fbcd9e63edc0,screened-not-selected,
222596652,90,all|recent,2026-04-05T16:44:45+00:00,2026-04-22T01:32:14+00:00,2026-09-09T18:36:20.389024+00:00,HUNK,48,ac2f25b74b3e26ede4f0c60f691cd8d7949a049a6c5098488a9bc1718cb7c8a1,screened-not-selected,
204042187,90,all,2025-09-10T21:14:15+00:00,2025-09-12T13:34:55+00:00,2026-09-09T18:36:20.389024+00:00,Omicron,41,28561ce4d45875766d97e245d6b697cf37daeec76c1799be6f68c9671e18fa8b,screened-not-selected,
225118114,90,all|recent,2026-05-09T14:50:47+00:00,2026-05-09T14:50:47+00:00,2026-09-09T18:36:20.389024+00:00,Mewoko,36,84a11593072678b9b8b742e2ba4ebaa3c5d62508cb644f5d8795a73fb4e87def,screened-not-selected,
207111943,90,all,2025-10-19T17:48:28+00:00,2025-10-19T17:48:28+00:00,2026-09-09T18:36:20.389024+00:00,buttcheekz,66,3ed914b02d74ffd82a84afb3a51fa3ec29fced5d6772880a4e3902165ab8df75,screened-not-selected,
219947376,90,all,2026-03-06T04:12:33+00:00,2026-03-06T04:12:33+00:00,2026-09-09T18:36:20.389024+00:00,CRSBenjamin,52,e10361d1c7ed749154393ca19982fa2e8c55518ec5a8b06e9ba553a4a220d6f4,screened-not-selected,
204034456,90,all,2025-09-10T18:48:42+00:00,2025-09-10T18:48:42+00:00,2026-09-09T18:36:20.389024+00:00,Mei Xue (美雪),67,a1bebb8d62fc090445e5657db017184fe23e053a44e18b24c1a829f7523c5db0,screened-not-selected,
221440436,90,all,2026-03-22T23:22:44+00:00,2026-03-22T23:53:54+00:00,2026-09-09T18:36:20.389024+00:00,WhatRefreshments,104,adae4437c8d3c41b819641db26052228ae5d2d02276c69d12bbbb0cf40c1d437,screened-not-selected,
214957983,90,all,2026-01-02T21:34:49+00:00,2026-01-02T21:34:49+00:00,2026-09-09T18:36:20.389024+00:00,Green Space Dorito,100,f0b5e6026d6ccdfde04836e720e0f0b610d90e7fd265e9c0c7a7c7b83c011b6b,screened-not-selected,
228698591,90,all|recent,2026-06-24T08:15:51+00:00,2026-06-24T08:15:51+00:00,2026-09-09T18:36:20.389024+00:00,Kricket,72,6037d49e82cd50d568682b05f5cf9de3741c7180e0b5c748abd60d9d0b95ddba,screened-not-selected,
206822435,90,all,2025-10-16T01:00:07+00:00,2025-10-16T01:00:07+00:00,2026-09-09T18:36:20.389024+00:00,Bottom Feeder,13,ba87afe02f2b6bc3be693f5b414b876e29fd0367e3e099feadcc69beeebbb26f,screened-not-selected,
206021003,90,all,2025-10-06T08:12:34+00:00,2025-10-06T08:12:34+00:00,2026-09-09T18:36:20.389024+00:00,S5 Y3ll0w,9,f8846ed869b83668201850b59f69fc36b000f416e9ef01eacfd56cfe53974911,screened-not-selected,
215516252,90,all,2026-01-08T22:17:42+00:00,2026-01-08T22:26:03+00:00,2026-09-09T18:36:20.389024+00:00,Meat Clown,277,9c0406ba4680f7b9fe31010a2976cd3cfce6e2ae1f315a1c31863924671915d7,screened-not-selected,
227237662,90,all|recent,2026-06-05T14:42:19+00:00,2026-06-05T14:42:19+00:00,2026-09-09T18:36:20.389024+00:00,Taurmin,29,d902cbde1dbf4a9c5f47ebb8700fc730658035910f20c7740ad035ccc78f467e,screened-not-selected,
222313074,90,all,2026-04-02T09:00:22+00:00,2026-04-02T09:00:22+00:00,2026-09-09T18:36:20.389024+00:00,helixkiwi,50,a139c0fa90bf26602690bbad316dc227ad80eb5e09a5d2963e8ba9d9db903443,screened-not-selected,
222092855,90,all,2026-03-30T11:05:50+00:00,2026-03-30T11:05:50+00:00,2026-09-09T18:36:20.389024+00:00,Grigi,21,ba0cd15381ebe46e7488705f0dc13bb8f5f607d73b517b66c73d473ddb5739bb,screened-not-selected,
221939174,90,all,2026-03-28T17:35:31+00:00,2026-03-28T17:35:31+00:00,2026-09-09T18:36:20.389024+00:00,Chip Surely,69,b3cc6b114c73605c84ddad8cb23b0f3ca871a3f673da207e39333922b2b3fd0a,screened-not-selected,
226646992,90,all|recent,2026-05-28T19:42:28+00:00,2026-05-28T19:42:28+00:00,2026-09-09T18:36:20.389024+00:00,BRO9077,28,c44668c617d615a76c316a8a56c419fd2fd9378b6d3ba4af72437ae52d67972d,screened-not-selected,
228528571,90,all|recent,2026-06-21T22:46:11+00:00,2026-06-21T22:46:11+00:00,2026-09-09T18:36:20.389024+00:00,Rifty,16,6f14ce928bb3d065ab3c61714cda5881ea750e088ef480dd5ecef3170dd4559a,screened-not-selected,
218264580,90,all,2026-02-14T02:26:58+00:00,2026-02-14T02:26:58+00:00,2026-09-09T18:36:20.389024+00:00,poopmonster420,61,f8ef21bf93e49788d25a5b3336fd6e4e4830dfeea4c8b42cbd9a2a162328ff82,screened-not-selected,
224174469,90,all|recent,2026-04-26T21:11:21+00:00,2026-04-26T21:11:21+00:00,2026-09-09T18:36:20.389024+00:00,Rucarlos,60,3609bd54565e7589f9721b58114c267ebefbbbe47c3ebdcf25c2b0bfe367bd10,screened-not-selected,
216223816,90,all,2026-01-18T05:10:14+00:00,2026-01-18T05:10:14+00:00,2026-09-09T18:36:20.389024+00:00,Adam,20,c6ff9d8e2afd2e2cb64c835cc84a6f604492dccce9d21b7f2ffed961d3efaf10,screened-not-selected,
206026831,90,all,2025-10-06T10:24:13+00:00,2025-10-07T14:21:24+00:00,2026-09-09T18:36:20.389024+00:00,Valfar,61,353f8db7541a280b620330f795d80a1ad7f3111c781c6d33291a13b361c1a85b,screened-not-selected,
219815272,90,all,2026-03-04T17:39:49+00:00,2026-03-04T17:39:49+00:00,2026-09-09T18:36:20.389024+00:00,AdhesiveMadMan,36,1a119394ff32083397d8f8372fbeb6e1b6a1a620606da13adcbf55bd9cfec001,selected-evidence,discovery-identity;positioning
215937727,90,all,2026-01-14T04:23:37+00:00,2026-01-14T04:23:37+00:00,2026-09-09T18:36:20.389024+00:00,Gila,30,488f675f4bf4d8bc10fb47125729cfedd15d86e010aab749f0d1c1228ed8bbcf,screened-not-selected,
206870740,90,all,2025-10-16T17:53:10+00:00,2025-10-16T17:54:49+00:00,2026-09-09T18:36:20.389024+00:00,KmVoss,59,04432e55d596c3c2a08efa0b5d7ca96a8d3a8768459d5759f7df5cb0b6e0b79f,screened-not-selected,
215858805,90,all,2026-01-12T23:35:48+00:00,2026-01-12T23:35:48+00:00,2026-09-09T18:36:20.389024+00:00,[Na]   11   Sodium  22.99,54,3d11c06978440c21e570649add1618cd43f5739021c9b290d8b6868922b7e7d5,screened-not-selected,
229349449,90,all|recent,2026-07-01T18:08:53+00:00,2026-07-01T18:08:53+00:00,2026-09-09T18:36:20.389024+00:00,Delta Maple Cake,44,ae586a9a657f7ad09175d85f618ab1b42c5161ddaea26c92b59877c122e2ac87,screened-not-selected,
224328310,90,all|recent,2026-04-29T02:15:06+00:00,2026-04-29T02:15:06+00:00,2026-09-09T18:36:20.389024+00:00,stickman_123456,21,4665b7331a8fb8c3406e49bcae4f3e62a6ca846a5547079d884dd3d0d13a0875,screened-not-selected,
216051061,90,all,2026-01-16T00:51:02+00:00,2026-01-16T00:51:02+00:00,2026-09-09T18:36:20.389024+00:00,TheseusInABottle,91,76297f94129254e4ae847902077c06c916a124ee4dd66a24db60195557179229,screened-not-selected,
229277298,90,all|recent,2026-06-30T21:24:40+00:00,2026-07-01T05:27:45+00:00,2026-09-09T18:36:20.389024+00:00,JP_Seaturtle,787,aaaaa56b13008425edf542bc448beade162dde5738892d329bccd3c38a754d7a,screened-not-selected,
233236869,90,all|recent,2026-08-20T01:52:16+00:00,2026-08-20T01:53:46+00:00,2026-09-09T18:36:20.389024+00:00,Runalith,178,83c9072351487837808caf41856598fcb8d09146f61e25ff342d0062694d82aa,screened-not-selected,
233093693,90,all|recent,2026-08-18T02:20:14+00:00,2026-08-18T02:20:14+00:00,2026-09-09T18:36:20.389024+00:00,Melkbeg,115,6af35b18834f87f1ae168336823cd731421ff5c7bdc2a8c80b2342eeb1ffae9c,screened-not-selected,
232704628,90,all|recent,2026-08-13T04:18:28+00:00,2026-08-13T04:18:28+00:00,2026-09-09T18:36:20.389024+00:00,sirpogmog,19,3cf8b3c95d49ece822026f75bfe89a76af178a4da8088bbae845dab8240d8b53,screened-not-selected,
232355427,90,all|recent,2026-08-08T15:33:35+00:00,2026-08-08T15:33:35+00:00,2026-09-09T18:36:20.389024+00:00,cucumber,19,33eb4d3c352c85b765e65e37f9317b51487038adc51de70a94812e06f39ed71b,screened-not-selected,
231944530,90,all|recent,2026-08-03T03:40:12+00:00,2026-08-03T03:40:12+00:00,2026-09-09T18:36:20.389024+00:00,mmspealman,62,a846b7429648d9ca362cd2843799f3e940da6b65339ffd6de89341e20ae99e5b,screened-not-selected,
230751825,90,all|recent,2026-07-18T12:04:26+00:00,2026-07-18T12:04:26+00:00,2026-09-09T18:36:20.389024+00:00,Nixara,45,f32e29df544d33cfa991c360f66e5473bb64db3ea65ffc4b98edf7cc2e57a05a,screened-not-selected,
228594315,90,all|recent,2026-06-22T20:22:09+00:00,2026-06-22T20:22:09+00:00,2026-09-09T18:36:20.389024+00:00,Forensics Alice,51,921613b6d1372ae213bb5be1f96a58f32b68ec72fd5f8cbc2620ae0ef73dfaec,screened-not-selected,
234835629,90,recent,2026-09-09T12:10:52+00:00,2026-09-09T12:10:52+00:00,2026-09-09T18:36:20.389024+00:00,Bodomi,7,59de7cc227f76dfc9f64cc221c398c30f2a18208034b013a7c68f6e096a9e3cc,screened-not-selected,
234467081,90,recent,2026-09-04T18:02:52+00:00,2026-09-04T18:02:52+00:00,2026-09-09T18:36:20.389024+00:00,UlquiorraCifer,41,8023be63592c359e5ebe741ea8d2a4e2f3c0a2fa531e887c563ce2c39b6033cc,screened-not-selected,
234101692,90,recent,2026-08-30T18:22:46+00:00,2026-08-30T18:22:46+00:00,2026-09-09T18:36:20.389024+00:00,TomSerious,4,3c984593559055d724b2583aa1519945c00548f9cc974da6c9e7598b61c57a3d,screened-not-selected,
233493539,90,recent,2026-08-23T08:21:44+00:00,2026-08-23T08:21:44+00:00,2026-09-09T18:36:20.389024+00:00,estrogenic male 5,3,7b3c3d99578bda51bf071e4f7a68be1ffe240f99026c008c7a81c7cafa9fb46b,screened-not-selected,
232970894,90,recent,2026-08-16T13:52:01+00:00,2026-08-16T13:52:01+00:00,2026-09-09T18:36:20.389024+00:00,Ken Kaneki,1,a4fb621495a0122493b2203591c448903c472e306a1ede54fabad829e01075c0,screened-not-selected,
232910236,90,recent,2026-08-15T19:01:37+00:00,2026-08-15T19:01:37+00:00,2026-09-09T18:36:20.389024+00:00,yuyuyuyuyuyuyuyuyuyuyuyuyuyuyuyu,4,439e5bc542459269b0443349d7e4553107eeb4924fe522d724fadb33752cce15,screened-not-selected,
232772723,90,recent,2026-08-14T01:15:36+00:00,2026-08-14T01:15:36+00:00,2026-09-09T18:36:20.389024+00:00,Ceedak,22,534f920551230c97680c748855aa5328856761ba55dce1624e438bbe6ae9bbdb,screened-not-selected,
232445606,90,recent,2026-08-09T17:36:21+00:00,2026-08-09T18:42:40+00:00,2026-09-09T18:36:20.389024+00:00,Electromot,294,53fca3b83f739e3872403a33094b491c2d0b7fe9c41593cae72761c6f6afff44,screened-not-selected,
232345119,90,recent,2026-08-08T13:00:37+00:00,2026-08-08T13:00:37+00:00,2026-09-09T18:36:20.389024+00:00,_saltyburrito_,2,428bf7be2483c4d86f630df1d2f950d610626be093b540df0f8a46f1f5a1ee53,screened-not-selected,
232149403,90,recent,2026-08-05T22:06:58+00:00,2026-08-12T07:11:22+00:00,2026-09-09T18:36:20.389024+00:00,Com Truise,216,6b9b76567a70e7c66dcc0825e2f3ec9f5306568f79dcc0fb2ed80d52ef837e25,screened-not-selected,
231988717,90,recent,2026-08-03T18:35:26+00:00,2026-08-03T18:35:26+00:00,2026-09-09T18:36:20.389024+00:00,𝐣𝓸Ħ𝓷Ⓝ𝓎,11,c96dc21c55dbdef75ef5a34342822d4649c213ce43b2995a31c836f2f2fd1909,screened-not-selected,
231825972,90,recent,2026-08-01T15:35:41+00:00,2026-08-01T15:35:41+00:00,2026-09-09T18:36:20.389024+00:00,AtomicAnders,61,e4f7dce43b26277435c6be335cd41d3e1c15d1c545c730cb257d67b7f31701a3,screened-not-selected,
231570316,90,recent,2026-07-29T06:46:17+00:00,2026-07-29T06:46:17+00:00,2026-09-09T18:36:20.389024+00:00,Jemi,50,06146904cec237ae675393ef9ec3a66f5e100d3134410ab6cfa0a7b7e22ca83e,screened-not-selected,
231540075,90,recent,2026-07-28T20:20:15+00:00,2026-07-28T20:20:15+00:00,2026-09-09T18:36:20.389024+00:00,cutsov,7,0c80ddfb57b0595d6f44ffd401a70a1d9fc98d4c310723c88e86e351d998b6a6,excluded-language-mislabeled,
231301664,90,recent,2026-07-25T18:59:20+00:00,2026-07-25T18:59:20+00:00,2026-09-09T18:36:20.389024+00:00,~TwizzledDoggo~,19,34bbb754b81d0b13dd5221b87058758b8a98185720670a4b19b3da33fdb9a926,screened-not-selected,
231146137,90,recent,2026-07-23T19:47:01+00:00,2026-07-23T19:47:01+00:00,2026-09-09T18:36:20.389024+00:00,Rook,65,9fd348a17b31270ad48be739372721d4f2e7f74e54c4b669a75679235abfdb98,screened-not-selected,
231045011,90,recent,2026-07-22T12:12:04+00:00,2026-07-22T12:12:04+00:00,2026-09-09T18:36:20.389024+00:00,hotnogs from big bother,26,58aa38bdd4cd6f42bc936ab30ce9b95bc98616a4899519933adb18a16d46f6ce,screened-not-selected,
230944303,90,recent,2026-07-21T00:19:10+00:00,2026-07-21T00:19:10+00:00,2026-09-09T18:36:20.389024+00:00,dennisbjorgensen,12,5a33f3aeb8cb75c0a8602bc63fd92e07428fdda2519cca8aa9740014eb811e30,screened-not-selected,
230940022,90,recent,2026-07-20T22:52:34+00:00,2026-07-20T22:52:34+00:00,2026-09-09T18:36:20.389024+00:00,Spectre,56,1e5d72ab0938b90476f933d114d92038e8f42d4a394036e1034a5cf1db1708d6,screened-not-selected,
230875422,90,recent,2026-07-20T00:55:32+00:00,2026-07-20T00:55:32+00:00,2026-09-09T18:36:20.389024+00:00,Proto();,29,568e921a2b88e092fb55199d3855b1428dfb2f57da8756cccf0addcefbf9db98,screened-not-selected,
230859492,90,recent,2026-07-19T19:30:23+00:00,2026-07-19T19:30:23+00:00,2026-09-09T18:36:20.389024+00:00,HWXYZ,35,09398d8406983dc6fd6804c0a4c686d2f02d7b7f0ab5f3c9d997a6fb83a80394,screened-not-selected,
230715593,90,recent,2026-07-17T22:52:39+00:00,2026-07-17T22:52:39+00:00,2026-09-09T18:36:20.389024+00:00,Pimp Slappington,8,eaba33028abd657e437cbf9f20a8d27190bd14705ae1381920155518cdfc613c,screened-not-selected,
230598991,90,recent,2026-07-16T11:30:14+00:00,2026-07-16T11:30:14+00:00,2026-09-09T18:36:20.389024+00:00,☣ Bio ☣,22,5b338c1117752b8b56306cf0b426c598df423e5c66c2187fe0d408d6af3a677f,excluded-language-mislabeled,
230512068,90,recent,2026-07-15T06:35:12+00:00,2026-07-15T06:35:12+00:00,2026-09-09T18:36:20.389024+00:00,MӨӨПBΛƧΣBΛBY,307,513e5e0f0e0f0049dd8c6cef817d38a9d59b5ebf33993f8b39a4c8e7a9828667,screened-not-selected,
230484916,90,recent,2026-07-14T20:59:40+00:00,2026-07-14T20:59:40+00:00,2026-09-09T18:36:20.389024+00:00,shakespearememes.com,10,6493d7871a42ff14dc191fd04378eeec8fe07187c02c67ca2e2592b898d7d537,screened-not-selected,
230425029,90,recent,2026-07-14T02:09:02+00:00,2026-07-14T02:09:02+00:00,2026-09-09T18:36:20.389024+00:00,Sphenixx,62,098d3d64c95ac23598caf35531b578f5cdbed24e0b0ea0684b4cb5b7d80687c1,screened-not-selected,
230404493,90,recent,2026-07-13T19:48:25+00:00,2026-07-13T19:48:25+00:00,2026-09-09T18:36:20.389024+00:00,BerryDoe,10,becae7e5117df39bf542db4e6921b715da4bf03d4ea08c5fc9d7626b1bcfcc85,screened-not-selected,
230346943,90,recent,2026-07-13T01:20:26+00:00,2026-07-13T01:20:26+00:00,2026-09-09T18:36:20.389024+00:00,jcstuczynski,27,59cb12c5660c9053aebb338a57a4173c17bbd7cd3bb4cd6f869f49ad79bcdd44,screened-not-selected,
229950377,90,recent,2026-07-08T16:12:09+00:00,2026-07-08T16:12:09+00:00,2026-09-09T18:36:20.389024+00:00,konstantinos2763,13,11980370c00c33bff359f1747f5bd9cc3591cfb2746da3a52746a474891c4a7e,screened-not-selected,
229918993,90,recent,2026-07-08T08:06:11+00:00,2026-07-08T08:06:11+00:00,2026-09-09T18:36:20.389024+00:00,Timothy Brentwood,12,781710383cc5a10e65471cd436d6af3395d989b2a619a055a03721981d82279c,screened-not-selected,
229845985,90,recent,2026-07-07T12:31:47+00:00,2026-07-07T12:31:47+00:00,2026-09-09T18:36:20.389024+00:00,santiagov.2016,1,5a0bd7c1e1638a3d7539217fefe66387b95b5bc65283d7df6883219c41ae1f84,screened-not-selected,
229581657,90,recent,2026-07-04T11:44:07+00:00,2026-07-04T11:44:07+00:00,2026-09-09T18:36:20.389024+00:00,t0rbenC0rtes,14,b19b4d0c3be1a63b2f9b511c6f6fe26f4da9e43509ec30fc75c9844a5bafa73f,screened-not-selected,
229371645,90,recent,2026-07-01T23:38:25+00:00,2026-07-01T23:38:25+00:00,2026-09-09T18:36:20.389024+00:00,9mmWaffle,25,6baba2d0e354ca453305a5fa36208ad453ba0583286d66d860968d546efa1421,screened-not-selected,
229206279,90,recent,2026-06-30T02:24:26+00:00,2026-07-26T18:26:13+00:00,2026-09-09T18:36:20.389024+00:00,JiinxMR,8,2163a6c5ff905ba20226719319482724bc52fbd3ace1d4b5d1407afd12cfdc37,screened-not-selected,
229172755,90,recent,2026-06-29T17:59:08+00:00,2026-06-29T17:59:08+00:00,2026-09-09T18:36:20.389024+00:00,ZGutlessNoob,26,afd4cc608730beb23527b7bd8d00456f7e8ee2ffa64f97857d4b79039af5c4f0,screened-not-selected,
229120411,90,recent,2026-06-29T03:25:56+00:00,2026-06-29T03:25:56+00:00,2026-09-09T18:36:20.389024+00:00,ksleet,1,8cb009e9486190b17f51db371ddf2f0bafb602b1c04084d091103d67ead1d54f,screened-not-selected,
229096918,90,recent,2026-06-28T20:56:26+00:00,2026-06-28T20:56:26+00:00,2026-09-09T18:36:20.389024+00:00,extradipboneless,142,6e67f980287eda5c43f27dc01afbe1900eee5e41d1e8a1a53ebfe982a8b52172,screened-not-selected,
229054591,90,recent,2026-06-28T12:30:12+00:00,2026-06-28T12:30:12+00:00,2026-09-09T18:36:20.389024+00:00,THE AJMan,50,d19a0598408795fe4b307c37962b60c17bfc895ccba92fbd2fa017a3e1c1a525,screened-not-selected,
229005663,90,recent,2026-06-27T22:37:19+00:00,2026-06-27T22:37:19+00:00,2026-09-09T18:36:20.389024+00:00,Dortu (>PL<),30,e292652ef8d07ddfc22c4eb338c0e5dadcd5d8ddc669c78c21209bfb8bb54c4a,excluded-language-mislabeled,
228979417,90,recent,2026-06-27T16:49:46+00:00,2026-06-27T16:49:46+00:00,2026-09-09T18:36:20.389024+00:00,R0b0_b!tch,33,172a9c5be1e1b2150a896d5b46b06c600084d22c85f730434ad59c0b0108a914,selected-evidence,ending-clarity
228935647,90,recent,2026-06-27T06:04:39+00:00,2026-06-27T06:04:39+00:00,2026-09-09T18:36:20.389024+00:00,gummy,1,90ac16783fbc54c3689c63b3ab89b39cea28f8743a88ff34e6a1c61ed746d0e2,screened-not-selected,
228601127,90,recent,2026-06-22T22:14:19+00:00,2026-06-22T22:14:19+00:00,2026-09-09T18:36:20.389024+00:00,Luna [LOS],5,fb223cb5b035077c9e351bb1cc60b429ba59e5b9567337f978d0bbe55a6758bb,screened-not-selected,
228563458,90,recent,2026-06-22T12:17:35+00:00,2026-06-22T12:17:42+00:00,2026-09-09T18:36:20.389024+00:00,ToeTickler695,1,348d77e943a990e64b08bd3bafc7c1b3fde497e92670f78cd8e9eb27529706f2,screened-not-selected,
228033771,90,recent,2026-06-15T15:44:07+00:00,2026-06-15T15:44:07+00:00,2026-09-09T18:36:20.389024+00:00,danny t,10,c003e9f66dd925b28c2ac5d1331cd9fed84d7154b333471df236ad4594949b74,screened-not-selected,
227788357,90,recent,2026-06-12T13:28:14+00:00,2026-06-12T13:28:14+00:00,2026-09-09T18:36:20.389024+00:00,Pimgd,9,34c4f431822a0eed9b8685708bc89a9574cb08f664be7761577d8c16ef4df0f5,screened-not-selected,
227636723,90,recent,2026-06-10T12:40:21+00:00,2026-06-10T12:40:21+00:00,2026-09-09T18:36:20.389024+00:00,dianidanonino,13,8f109ede467c571140333a5270ff82a13f864322e9fb7aa41b430dbc5a081934,excluded-language-mislabeled,
227632296,90,recent,2026-06-10T11:10:28+00:00,2026-06-10T11:10:28+00:00,2026-09-09T18:36:20.389024+00:00,SeDucktiveMe,51,553c4872ee78cee62d5a4f95b72a58f78d434bcee01672c26235b576e10429aa,screened-not-selected,
227045208,90,recent,2026-06-02T21:38:47+00:00,2026-06-02T21:38:47+00:00,2026-09-09T18:36:20.389024+00:00,Glurb,11,de0f4fbed121b6221626d55ae818034cf23ef8be7bd08b11d4e46459effffd87,screened-not-selected,
226651712,90,recent,2026-05-28T20:56:10+00:00,2026-05-28T20:56:10+00:00,2026-09-09T18:36:20.389024+00:00,Zubon,20,c165d2f4164ae9c9dcead7e66658d163694e7a88109a68e92fe33cebd59ff3d0,screened-not-selected,
226309253,90,recent,2026-05-24T14:04:44+00:00,2026-05-24T14:04:44+00:00,2026-09-09T18:36:20.389024+00:00,Sarin Kilgare,72,df1c8fe911005cdf13d65d6ed56205961eae52883c06e385274470ff5953663d,selected-evidence,save-portability
205262715,90,all,2025-09-26T19:54:23+00:00,2025-09-26T19:54:23+00:00,2026-09-09T18:36:20.389024+00:00,LuLu!,29,b4bcb6bb7b8cdeed9fefcd582b0c5189c8a3630136652ee3676850f5d5b2d8b4,screened-not-selected,
216211975,90,all,2026-01-18T01:13:30+00:00,2026-01-18T01:13:30+00:00,2026-09-09T18:36:20.389024+00:00,AnakinRogue,53,4303e805cea8c12ef0e7bf075d693a4078b0ed00f25e36f6da319bdab1af15d5,screened-not-selected,
214803028,90,all,2026-01-01T09:09:20+00:00,2026-01-01T09:09:20+00:00,2026-09-09T18:36:20.389024+00:00,Newrappy,34,3676cedf8d118a391d4e8db62c6d363bd8568a0414dd30c73aa9de9654ad1a82,screened-not-selected,
228740862,90,all,2026-06-24T20:06:55+00:00,2026-06-24T20:07:21+00:00,2026-09-09T18:36:20.389024+00:00,Alysha,119,0d230f39074fe8a8c3c9cc743553a698764141677b7e80ecfb1a16c871da611a,selected-evidence,excavation-agency;counterevidence
212496660,90,all,2025-12-03T19:27:34+00:00,2025-12-03T19:27:34+00:00,2026-09-09T18:36:20.389024+00:00,Filé Com Fritas,82,1d8315a66677fd33c2cda1006540a6c3dfdea869159180cbc5e8362c51443cf3,selected-evidence,short-game-value;counterevidence
206672883,90,all,2025-10-13T23:21:42+00:00,2025-10-13T23:21:42+00:00,2026-09-09T18:36:20.389024+00:00,cas.,109,762eb689c07c5e83a8999ac3cc000eafe850bfccf682d7d0f46312d2c464c643,screened-not-selected,
230296565,90,all,2026-07-12T13:14:04+00:00,2026-07-12T13:14:04+00:00,2026-09-09T18:36:20.389024+00:00,erämaa,117,58671d801c1c482cb51db1e25af503ac711acbd9c7f0c686f9221752ccf44ce6,screened-not-selected,
208570743,90,all,2025-11-06T18:03:37+00:00,2025-11-06T18:03:37+00:00,2026-09-09T18:36:20.389024+00:00,Syler,49,cf0fdf34de5b981bdd6e0a42922f2de2c5759b722cf20c8243bf20b3059ca4f7,screened-not-selected,
230131411,90,all,2026-07-10T15:26:13+00:00,2026-07-10T15:26:13+00:00,2026-09-09T18:36:20.389024+00:00,Rouff,30,a923cc0cf081ec1c8f42c4005d3e99419bf81c9726e846e4e2880c93f48ca33f,screened-not-selected,
216770579,90,all,2026-01-25T13:35:14+00:00,2026-01-25T13:35:14+00:00,2026-09-09T18:36:20.389024+00:00,Orunitia,23,d565fe17ca7ccf905789b5e84daf2fad68f87ee471b11a34bb848c3c64293d80,screened-not-selected,
210483412,90,all,2025-11-25T13:51:49+00:00,2025-11-25T13:52:51+00:00,2026-09-09T18:36:20.389024+00:00,Tina G,19,cff08671e6c460b0f1632735c384a69ef2a61713320bfbc4cf5d326be3eb40a1,screened-not-selected,
225783401,90,all,2026-05-17T18:12:52+00:00,2026-05-17T18:12:52+00:00,2026-09-09T18:36:20.389024+00:00,PoTheMemer,348,0daf8a08ca7fecbcd68801a5f62c37229e1e458d7ad56ed68d8564f36ded12a8,screened-not-selected,
210151153,90,all,2025-11-24T20:56:20+00:00,2025-11-24T20:56:20+00:00,2026-09-09T18:36:20.389024+00:00,Brico18,70,6a0f3bea64defc92146c5d9e6f45eb4cfb4789e9445bc5bf5cbafe684eee02e9,selected-evidence,simple-loop;counterevidence
230866022,90,all,2026-07-19T21:31:14+00:00,2026-07-19T21:31:14+00:00,2026-09-09T18:36:20.389024+00:00,courtes,51,5a12d3a90735b9f25c45959f7c5c0c0a561730b1190b96daebf9d70ce4baed55,screened-not-selected,
213421046,90,all,2025-12-16T13:55:47+00:00,2025-12-16T13:55:47+00:00,2026-09-09T18:36:20.389024+00:00,Jaxboxchick,47,d5f4866d2c491904099ebb12ca3f2ac07f233e207b1691724a8c3375bca23166,screened-not-selected,
218468153,90,all,2026-02-16T15:22:49+00:00,2026-02-16T15:22:49+00:00,2026-09-09T18:36:20.389024+00:00,SkwirlXIII,30,f4e6eee8bd711890749867e2c4badb917cce31335c85555aae68b82056ba0ed6,screened-not-selected,
216693861,90,all,2026-01-24T15:32:12+00:00,2026-01-24T15:32:12+00:00,2026-09-09T18:36:20.389024+00:00,20/20 Gamer,1305,c04c54b036770d0c7f4b95b1e24cfc58c70ab595fc1004146134980d870d60b5,selected-evidence,personal-display;discovery-identity;counterevidence
225961839,90,all,2026-05-20T01:16:40+00:00,2026-05-20T01:16:40+00:00,2026-09-09T18:36:20.389024+00:00,cozyarigames,130,fff78ae544d9233b200393be51f482ef9e8b4b502f730d6bd16d7340a2a765c5,screened-not-selected,
221299619,90,all,2026-03-21T18:15:19+00:00,2026-03-21T18:15:42+00:00,2026-09-09T18:36:20.389024+00:00,Flippo,15,13a10264928fab17710801c081e729dc26932bc4297107f63453546c574fcf8b,screened-not-selected,
229138461,90,all,2026-06-29T09:50:56+00:00,2026-06-29T09:50:56+00:00,2026-09-09T18:36:20.389024+00:00,Ghostly Goth,40,b9a20b4ab7b3db4bd100161617d801286329c4a3aa7a349590f2be858f8bde2b,screened-not-selected,
212444285,90,all,2025-12-03T00:43:26+00:00,2025-12-03T00:43:26+00:00,2026-09-09T18:36:20.389024+00:00,Fox!,83,a610c635f398f7ae39699aaf60a1f0a7d06e8dc9981b4d7296ea20d02dc3837a,screened-not-selected,
206064236,90,all,2025-10-06T19:44:14+00:00,2026-04-17T06:54:02+00:00,2026-09-09T18:36:20.389024+00:00,SumiSux,329,0d73e267381a0cae5af622bcd0574bcfd50e4c06fa1f9c814c1dc7202620691b,selected-evidence,ending-clarity;counterevidence
221976258,90,all,2026-03-29T02:34:33+00:00,2026-03-29T02:34:33+00:00,2026-09-09T18:36:20.389024+00:00,Katt,7,fbb13c572e8ac776fd9a2be8c1921279f9305b579e10f413555b2f592b7b8415,screened-not-selected,
217461772,90,all,2026-02-03T00:59:41+00:00,2026-02-03T00:59:41+00:00,2026-09-09T18:36:20.389024+00:00,EveEvening,16,1646896558f8e1b1da55231f17ab8914681be0e49b730206e5d7b7802d8829b4,screened-not-selected,
211196940,90,all,2025-11-27T15:47:32+00:00,2025-11-27T15:47:32+00:00,2026-09-09T18:36:20.389024+00:00,Appleknees,20,9823c32a707ed706f113f3f7634aeb5b71db830c7a27a0e830472e7583836b6b,screened-not-selected,
225855091,92,recent,2026-05-18T16:52:06+00:00,2026-05-18T16:52:06+00:00,2026-09-09T19:06:45.721262+00:00,olli.ronka,55,e4e2d6e726958ccc0b8199bbccb67d7edbdb303ad30936b4dc54368ffce20117,screened-not-selected,
225854096,92,recent,2026-05-18T16:36:34+00:00,2026-05-18T16:36:34+00:00,2026-09-09T19:06:45.721262+00:00,Lurker,34,51e637e358b46f77ad77b1f99baf466a464aacbb51599acf4d9b92281ec4cb96,screened-not-selected,
225843244,92,recent,2026-05-18T13:54:32+00:00,2026-05-18T13:54:32+00:00,2026-09-09T19:06:45.721262+00:00,Abaddawn,40,9068c59dddc4712598bc27977256b10ccf6c44e25ca7689202b8aa6ffe6fb7c1,screened-not-selected,
225707052,92,recent,2026-05-16T22:30:57+00:00,2026-05-16T22:30:57+00:00,2026-09-09T19:06:45.721262+00:00,Skarinou,206,423d1bf02b77adebb8cdbf97d26ac9fc94f7a7910c2a9631764d1e67e75a02e1,screened-not-selected,
225705507,92,recent,2026-05-16T22:07:46+00:00,2026-05-16T22:16:33+00:00,2026-09-09T19:06:45.721262+00:00,Spec_ops_Gaming,158,4fa838e8ceadad2e61ab2a5e2c393ee7b46282561ab2b3458e44503dc92a37ec,screened-not-selected,
225660042,92,recent,2026-05-16T12:50:38+00:00,2026-05-16T12:50:38+00:00,2026-09-09T19:06:45.721262+00:00,devil_inside.lv,43,c8415fdc4667d3022c595fc8ad8b935f24cf4ab4bd4072e03656302bcff49c94,screened-not-selected,
225575915,92,recent,2026-05-15T15:34:53+00:00,2026-05-15T15:34:53+00:00,2026-09-09T19:06:45.721262+00:00,LiquidCorundum,43,2d8cb79cc2f518a5118a2812a463e029f7506d6e93e4d33deece82216679d030,screened-not-selected,
225497526,92,recent,2026-05-14T19:16:09+00:00,2026-05-14T20:13:59+00:00,2026-09-09T19:06:45.721262+00:00,Duke,281,bc979aede6e2fcb93341228c598fcad5827297c4a4f9d5cda0c8618144982e57,selected-evidence,false-affordance
225465493,92,recent,2026-05-14T11:46:44+00:00,2026-05-14T11:46:44+00:00,2026-09-09T19:06:45.721262+00:00,Grammaton,93,9fe9102bc2bf52d48a7a4cb4984f61360e876c82fefbfbab24471733bb6cfe66,screened-not-selected,
225367382,92,recent,2026-05-12T21:33:15+00:00,2026-05-12T21:33:26+00:00,2026-09-09T19:06:45.721262+00:00,Elvis,216,1bc385b6e8871361c53dcfa108ea5be748458de2ee9ea469ae776c414324e1f7,screened-not-selected,
225345127,92,recent,2026-05-12T15:17:07+00:00,2026-05-12T15:17:07+00:00,2026-09-09T19:06:45.721262+00:00,Sneaky,5,2f04712f7c0040211d786ca9a7d5824adb028c1706f3a43891252e72d8340208,screened-not-selected,
225307785,92,recent,2026-05-11T23:40:21+00:00,2026-05-11T23:40:21+00:00,2026-09-09T19:06:45.721262+00:00,johnomaz,14,5670ddd4077eff297a7e07839e27ada37146539882a66154d13bc71e56cdc8c0,screened-not-selected,
225293128,92,recent,2026-05-11T19:02:10+00:00,2026-05-11T21:18:16+00:00,2026-09-09T19:06:45.721262+00:00,musizlover2008,49,012038e9009e4d90d4f3a328223b2acd55ccb2cc973a22cf251047f7d435e493,screened-not-selected,
225283396,92,recent,2026-05-11T16:23:57+00:00,2026-05-11T16:23:57+00:00,2026-09-09T19:06:45.721262+00:00,Kibbahs,10,26f1ff72913cb83c29cf1e114a330d2fba78ea0cef6e8763df18c3ca5ca20940,screened-not-selected,
225280514,92,recent,2026-05-11T15:38:45+00:00,2026-05-11T15:38:45+00:00,2026-09-09T19:06:45.721262+00:00,❄Ryuu Yukiyama❄,697,98f4f5877438cb29d68f7cb1fbfa874e0a367dca62667341347a2ff1c97a0538,screened-not-selected,
225271613,92,recent,2026-05-11T13:08:58+00:00,2026-05-15T22:35:38+00:00,2026-09-09T19:06:45.721262+00:00,CheeryChill,236,d3bf3bcf78b805c9d9ea43150427837ebc69bb8b8cbbb9c8c0a738c0d64cc1de,screened-not-selected,
225246242,92,recent,2026-05-11T02:19:24+00:00,2026-05-11T02:19:24+00:00,2026-09-09T19:06:45.721262+00:00,Shokunai,8,d98408438f81d17d1bb92038a4ccb7df907368ef90f9d9d565318338805ef59a,screened-not-selected,
225233079,92,recent,2026-05-10T21:38:44+00:00,2026-05-10T21:38:44+00:00,2026-09-09T19:06:45.721262+00:00,DarkCat,42,3cd2bfa35226998a2ba95196665b9d7233202a31e75b0e29e1a82f3f24c23a7f,screened-not-selected,
225160795,92,recent,2026-05-10T01:40:04+00:00,2026-05-10T01:40:04+00:00,2026-09-09T19:06:45.721262+00:00,Tyken132,34,880ecadfbd29925377a3279f4bc319cb90ed6c1a4d54aeafcd7ccda8235c947c,screened-not-selected,
225149084,92,recent,2026-05-09T22:00:41+00:00,2026-05-09T22:00:41+00:00,2026-09-09T19:06:45.721262+00:00,CDProjektBlue,286,3c123f08a792d27c2e0d7dd5ec049a6eceffc77ba4312cf2dd4a12006bb51955,screened-not-selected,
225144180,92,recent,2026-05-09T20:45:14+00:00,2026-05-09T20:45:14+00:00,2026-09-09T19:06:45.721262+00:00,nesti,4,65ef1e71c93ff511cad3e35760117a2e43bb643cea15be964665577a16cdf8ea,screened-not-selected,
225134736,92,recent,2026-05-09T18:33:27+00:00,2026-05-09T18:33:27+00:00,2026-09-09T19:06:45.721262+00:00,DoodleDNA,26,8929b5804ab0b5a8a7fecc0a666d505f8d022efbcf441533c86f3dfdb68197f1,screened-not-selected,
225124953,92,recent,2026-05-09T16:19:21+00:00,2026-05-09T16:19:21+00:00,2026-09-09T19:06:45.721262+00:00,PizzaPlays,154,71badd519196c27a5e150e90bb86b22e9a59ece32f7486110197b90e075940c0,selected-evidence,playstyle-pacing
225121275,92,recent,2026-05-09T15:31:38+00:00,2026-05-09T15:31:38+00:00,2026-09-09T19:06:45.721262+00:00,syabro,77,24826be617ac5612c5da334b50cabddf5d3cb86d07645399d280db37c5578ad5,screened-not-selected,
225119169,92,recent,2026-05-09T15:04:25+00:00,2026-05-09T15:04:25+00:00,2026-09-09T19:06:45.721262+00:00,Syrrik,426,012b148d33ade54f043b964a54b22c6e12b81b2b074c90cd99d12e46be403139,selected-evidence,reach-readability
225094419,92,recent,2026-05-09T07:52:13+00:00,2026-05-09T07:52:13+00:00,2026-09-09T19:06:45.721262+00:00,jail,36,7cf5bac0cee3a6710ba0fdfa83b825971d74c081ae131c739c8c10baaf3cbfe0,screened-not-selected,
225074237,92,recent,2026-05-09T00:23:19+00:00,2026-05-09T00:23:19+00:00,2026-09-09T19:06:45.721262+00:00,Treece,14,916718b9e2a61dc438f9e4bf1434eb01e34017eecbd58e2036a711c84c192be8,screened-not-selected,
224958181,92,recent,2026-05-07T12:41:42+00:00,2026-05-07T12:41:42+00:00,2026-09-09T19:06:45.721262+00:00,Presidactyl,128,caa1b12c279e041f6908c82835d196e13f1938214b38789b2d21ad806f261943,screened-not-selected,
224923842,92,recent,2026-05-06T22:16:53+00:00,2026-05-06T22:16:53+00:00,2026-09-09T19:06:45.721262+00:00,xdakotaxx,280,26daba11850e23a4c9654d0072ea0836c997c24c0ea94f5ebbc7545ef22fda7a,screened-not-selected,
224856237,92,recent,2026-05-05T21:47:25+00:00,2026-05-05T21:47:25+00:00,2026-09-09T19:06:45.721262+00:00,/ᐠ - ˕ -マ,22,96033b2495e39c443349f1a89b668e61c5c961db8c3b780f6b6d9202e50f762d,screened-not-selected,
224850513,92,recent,2026-05-05T20:05:57+00:00,2026-05-05T20:05:57+00:00,2026-09-09T19:06:45.721262+00:00,iUnidentified,45,d09477cc61c6e24d1b3cf1843e4cc22092ed92fa31eee2ba5f30ab08b3df6a46,selected-evidence,save-interruption
224845361,92,recent,2026-05-05T18:44:24+00:00,2026-05-05T18:44:24+00:00,2026-09-09T19:06:45.721262+00:00,Yuhitsmeh,18,dcd795182dba3d0d3c172e791b960faea342ab7be3547baf381aae858c3fc660,screened-not-selected,
224825677,92,recent,2026-05-05T13:26:59+00:00,2026-05-05T13:26:59+00:00,2026-09-09T19:06:45.721262+00:00,TheLost,12,fe58012241e70ca359c926d6f186aac66808ec8700a5a9e0685edcc181a380b4,screened-not-selected,
224819070,92,recent,2026-05-05T11:06:36+00:00,2026-05-05T11:06:36+00:00,2026-09-09T19:06:45.721262+00:00,Curare,53,ad451ca407da55bb02c27e53450178aa802b93abecb5183cd930828ce90ad51b,screened-not-selected,
224801648,92,recent,2026-05-05T03:12:32+00:00,2026-05-05T03:12:32+00:00,2026-09-09T19:06:45.721262+00:00,NicoVE,33,0ffa3dca2eedf771aab0ea17d6b361c7b2ba775b54ace2080963a6cc9f4831b3,screened-not-selected,
224760754,92,recent,2026-05-04T14:36:10+00:00,2026-05-17T09:42:02+00:00,2026-09-09T19:06:45.721262+00:00,tubbsco6,84,43f36a73d576e759bbc9f48574270d07085425fb536af6a397f605e842711587,screened-not-selected,
224758780,92,recent,2026-05-04T14:06:09+00:00,2026-05-04T14:06:09+00:00,2026-09-09T19:06:45.721262+00:00,Blendes,4,11c3f7616c9bd44a0933fd86aed37038a429eb135dda5402d898843e865b1318,screened-not-selected,
224723848,92,recent,2026-05-04T00:33:49+00:00,2026-05-04T00:33:49+00:00,2026-09-09T19:06:45.721262+00:00,Apoooooooooooooooooooooooooooooo,7,1b378a134cb8fc96d762c01c8bd4bd7310fd9160d709e7d38689062dd2046891,screened-not-selected,
224704211,92,recent,2026-05-03T19:05:47+00:00,2026-08-25T01:10:34+00:00,2026-09-09T19:06:45.721262+00:00,ano,10,9c0e795ca7ca95b21d63db219a966656e70db36a568ba4c9d77f87f861aa99bf,screened-not-selected,
224688005,92,recent,2026-05-03T15:45:09+00:00,2026-05-03T15:45:09+00:00,2026-09-09T19:06:45.721262+00:00,2785cc,35,75ccbbb89f4cff2b6a6f06d4e917f90b55888e2d4d1e68f4a7d48c899e387609,screened-not-selected,
224673262,92,recent,2026-05-03T12:24:46+00:00,2026-05-03T12:24:46+00:00,2026-09-09T19:06:45.721262+00:00,Egor,45,297d2ba3218eaf95381f74493f91b94751db726232559c9ea15c5b4a524fa281,screened-not-selected,
224670763,92,recent,2026-05-03T11:42:43+00:00,2026-05-03T11:44:44+00:00,2026-09-09T19:06:45.721262+00:00,Shin,32,d4a46652afbe811b431033105a6fdbf433e69369a7d672e5dade565562eab130,screened-not-selected,
224666363,92,recent,2026-05-03T10:25:39+00:00,2026-05-03T10:28:03+00:00,2026-09-09T19:06:45.721262+00:00,Echo5½,183,5744a2adefbd60907bfa6ea46bbd525ccd59bf5e4fc871af3a8119772d572eca,selected-evidence,feedback-consistency
224666170,92,recent,2026-05-03T10:22:00+00:00,2026-05-04T05:46:50+00:00,2026-09-09T19:06:45.721262+00:00,JustPangu,117,b8c450f255bcc59d6bdc8428cdf594ec149afc0551978aa352c3a8bf5451c4d9,screened-not-selected,
224640762,92,recent,2026-05-03T01:38:11+00:00,2026-05-03T01:38:11+00:00,2026-09-09T19:06:45.721262+00:00,Quialal,88,ae15e7cf9356b7fb4704e74f97d45803da6e820bae58d7f0f34409832b725ebb,screened-not-selected,
224590207,92,recent,2026-05-02T12:56:04+00:00,2026-05-02T12:56:04+00:00,2026-09-09T19:06:45.721262+00:00,0sa,16,dfd8f969a2c94ec7831903df086d9db8fe9d07a1922d3bba6535815b492a85be,screened-not-selected,
224548112,92,recent,2026-05-01T23:03:39+00:00,2026-05-02T16:17:17+00:00,2026-09-09T19:06:45.721262+00:00,kwakwa,8,446fcab4f1f40f8474ef6175edec92dc1045ec7ef2f9beaa353bf10cee2cd71b,screened-not-selected,
224542191,92,recent,2026-05-01T21:27:29+00:00,2026-05-22T23:49:21+00:00,2026-09-09T19:06:45.721262+00:00,guardcat27,57,19a0814973dc85057a6c5f320e99b051ca6d19c1f7a3b59ffbdf0d5654f0da05,screened-not-selected,
224539745,92,recent,2026-05-01T20:50:36+00:00,2026-05-02T09:51:28+00:00,2026-09-09T19:06:45.721262+00:00,Revolution,39,996da7c4bc348bad2e20a0d7bd2fe755d6a2d88a9840ecc1240b5e901f4fe8e7,screened-not-selected,
226822729,92,all,2026-05-31T00:23:44+00:00,2026-05-31T00:23:44+00:00,2026-09-09T19:06:45.721262+00:00,Arc,54,2067348ab28bb31ea178756b3c1d9953ea21a0e17e914f5f69cbda550b4c075a,selected-evidence,discovery-payoff
225386433,92,all,2026-05-13T05:29:29+00:00,2026-05-13T05:29:29+00:00,2026-09-09T19:06:45.721262+00:00,infernoblade10,82,fcf95a3d404ceaaa29c3d60a2bb3bc78826f80a89cf1f3d44bf7c0dd8e9cddda,screened-not-selected,
224790774,92,all,2026-05-04T22:58:36+00:00,2026-05-04T22:58:36+00:00,2026-09-09T19:06:45.721262+00:00,onlyherogames,108,465be2ddaddbc55b5bfde44b4647a0f3d56d49838db5369079a4053a86976755,selected-evidence,excavation-agency
229422457,92,all,2026-07-02T15:14:41+00:00,2026-07-02T15:14:41+00:00,2026-09-09T19:06:45.721262+00:00,Blattdorf,30,5fab692910af1fb7a5d34326f151aee88e29896b4cceec089b2d9cb0a09f2755,screened-not-selected,
225276363,92,all,2026-05-11T14:32:33+00:00,2026-05-11T14:33:41+00:00,2026-09-09T19:06:45.721262+00:00,Abomination72,165,8eb55714dd06aa5d35f29eb223110978a2e85882ba4c4c45c8ced82c92d06103,selected-evidence,playstyle-pacing
225049291,92,all,2026-05-08T17:25:07+00:00,2026-05-08T17:25:07+00:00,2026-09-09T19:06:45.721262+00:00,Leon,109,bdda87b08b3f9d101b5600381ef37bc0ed18ce567a0f2e251146881985c753a3,screened-not-selected,
233599475,92,all,2026-08-24T15:25:05+00:00,2026-08-24T15:25:05+00:00,2026-09-09T19:06:45.721262+00:00,The Collector,96,c60204b6c45e9c5b8ada839b2870da0a99119bb4cdaadcff54b97d2b6a7c0536,selected-evidence,visible-power
229442855,92,all,2026-07-02T19:44:40+00:00,2026-07-02T19:44:40+00:00,2026-09-09T19:06:45.721262+00:00,Skeeter Pan,179,72ae7abdc9aaa3c83a71e81e1f58ff69707d7eafab57ee507e10ec3e7b98b66d,screened-not-selected,
228164111,92,all,2026-06-17T08:55:46+00:00,2026-06-17T08:55:46+00:00,2026-09-09T19:06:45.721262+00:00,|MW|TIBA666 丹麦人,146,c2a4d022bdd9bd0b10a87291fa1d33fa21f27ea24067155e6ffd3552f7104eda,screened-not-selected,
227338186,92,all,2026-06-06T18:00:21+00:00,2026-06-06T18:00:21+00:00,2026-09-09T19:06:45.721262+00:00,maratai,13,d4c2b443a24855cf58a7781d14cd46df16b2f8926604dccc1c09e5f1fa9015a4,screened-not-selected,
226800586,92,all,2026-05-30T18:30:14+00:00,2026-05-30T18:30:14+00:00,2026-09-09T19:06:45.721262+00:00,Hidden Nook Community,52,4388661750fc5191a4b3deea0323f5200dabe929333085d7acdca87776a9c2d6,screened-not-selected,
226679527,92,all,2026-05-29T07:27:39+00:00,2026-05-29T07:29:01+00:00,2026-09-09T19:06:45.721262+00:00,Jet_Set_Skater,80,a5fb36d92c06f2fad6d64e2d60efd5a0d9de7011cb364a2df2041afa8cf27d70,screened-not-selected,
225901805,92,all,2026-05-19T08:26:38+00:00,2026-05-19T08:26:38+00:00,2026-09-09T19:06:45.721262+00:00,Stewitler,69,e3fef723b039d29855aad25241a64096c73f80e85f5c10031501def358206afe,screened-not-selected,
225864683,92,all,2026-05-18T19:10:33+00:00,2026-05-18T19:10:33+00:00,2026-09-09T19:06:45.721262+00:00,FlavorTown,29,4aa509fb19620213ab39dddb75c68675338c397e0513fab84931d3174cdff894,screened-not-selected,
225783618,92,all,2026-05-17T18:15:57+00:00,2026-05-17T18:15:57+00:00,2026-09-09T19:06:45.721262+00:00,Witchy_Momma_Tristynn,145,2b2994f06d119812f693f3a43da15ef2b3858b9450e20bc0380f849faecd52a0,selected-evidence,completion-pressure
225726052,92,all,2026-05-17T04:00:11+00:00,2026-05-17T04:00:11+00:00,2026-09-09T19:06:45.721262+00:00,Pykez,84,59d55249ca812a92f52300d7f448865c35e6f7c4bfa15d0b3c85eb345cf6948a,screened-not-selected,
225711112,92,all,2026-05-16T23:36:14+00:00,2026-05-16T23:36:14+00:00,2026-09-09T19:06:45.721262+00:00,OneBoot,37,f2ad245d22d9532144304909d718a92a7517fc9de63196429f85573a7f143bbc,screened-not-selected,
225441967,92,all,2026-05-14T01:09:58+00:00,2026-05-14T01:09:58+00:00,2026-09-09T19:06:45.721262+00:00,Darkross9,64,be3bdefc2a39a7123b568bc6f9f50decd54aa28275dc2565095fbbc4099097d4,screened-not-selected,
225327848,92,all,2026-05-12T09:15:05+00:00,2026-05-12T09:15:05+00:00,2026-09-09T19:06:45.721262+00:00,RoboSniper4876,48,40e1d846e828f77d0bfca86fa6d8302aa118e940bc906b87f35ab5d75419c53d,screened-not-selected,
225232861,92,all,2026-05-10T21:34:48+00:00,2026-05-10T21:35:06+00:00,2026-09-09T19:06:45.721262+00:00,oplek,45,c34a7e61ca2bb4324323960095c32b7491334794e92d716ae79a5969d5e0f75e,screened-not-selected,
72161382,92,recent,2020-07-06T13:06:11+00:00,2020-07-06T13:06:11+00:00,2026-09-09T19:06:45.721672+00:00,Blossom,14,b8f0100573d88093afe44f2d13053c607abc115da41ee6065302e005fc1acc81,screened-not-selected,
71893733,92,recent,2020-07-02T17:39:24+00:00,2020-07-02T17:39:24+00:00,2026-09-09T19:06:45.721672+00:00,[JC]Westenra,2,8cd238d47b27ddde4808ab5a567d909a73699aac2d6e8897afb3aeb7356009e2,screened-not-selected,
71734921,92,recent,2020-06-30T14:30:56+00:00,2020-06-30T14:30:56+00:00,2026-09-09T19:06:45.721672+00:00,Unluuckyy,109,365fad0f40a8be8b5c7c68481316e602308882826a6c081a94a1bbee5190c9ed,screened-not-selected,
71611688,92,recent,2020-06-28T23:39:20+00:00,2020-06-28T23:39:20+00:00,2026-09-09T19:06:45.721672+00:00,MountainWulf,55,e709e8f1e1240df8c7f892be0abe0c94106739ff72174757ea2499415a88bea4,screened-not-selected,
69640367,92,recent,2020-05-23T02:45:20+00:00,2020-05-23T02:45:20+00:00,2026-09-09T19:06:45.721672+00:00,andychow1234,49,92579da3377ba02ca68b1076878ee2d7f48eb323bd838dd92fcec211c073bad7,screened-not-selected,
69079496,92,recent,2020-05-13T18:45:29+00:00,2020-05-13T18:45:29+00:00,2026-09-09T19:06:45.721672+00:00,EvilNinjaApe,80,74b0c4fa77c3bb7b889ee328bba232aa0aa0ef2983ec3d10a55e98a63ebb4540,screened-not-selected,
62172063,92,recent,2020-01-21T07:52:43+00:00,2020-01-21T07:52:43+00:00,2026-09-09T19:06:45.721672+00:00,butt,7,00c1b626d9a2c46ab7a78f036e6010ac4783c7921549bb637d00b91b62ba7bb9,screened-not-selected,
59267898,92,recent,2019-12-05T08:32:47+00:00,2019-12-05T08:32:47+00:00,2026-09-09T19:06:45.721672+00:00,"John Adam, Tech Help",11,c32f0c42db55880bf0e717ec97629d982ae686e2a56858a590c38b026d3750ed,screened-not-selected,
57084979,92,recent,2019-11-13T06:40:27+00:00,2019-11-13T06:40:27+00:00,2026-09-09T19:06:45.721672+00:00,SamKah,170,ac8ed40387217a70e56ad0ce16d44b4234bdf15c84f0c874e63906695b75f206,screened-not-selected,
57076296,92,recent,2019-11-13T01:46:49+00:00,2019-11-13T01:46:49+00:00,2026-09-09T19:06:45.721672+00:00,Ti Grosthier,48,6d57aa9176d861ce834a8799e0e6f0ea6f2258e34107b1a2f9df8eb547dd785c,screened-not-selected,
55635781,92,recent,2019-10-17T01:57:24+00:00,2019-10-17T01:57:24+00:00,2026-09-09T19:06:45.721672+00:00,Brewski- CaseGod- RETIRED,24,f9e743fe01287576980a0a0dd5d0e404c0d0bafcb212f0fc2f1deb4a6eed770d,screened-not-selected,
55140360,92,recent,2019-09-16T13:55:51+00:00,2019-09-16T13:55:51+00:00,2026-09-09T19:06:45.721672+00:00,Obey the Fist!,152,7dd4ab1ffb31a7fca1e580ed5afc893562ec3d28aa6e58d32185cd953985b928,screened-not-selected,
55095537,92,recent,2019-09-13T19:44:16+00:00,2019-09-13T19:44:16+00:00,2026-09-09T19:06:45.721672+00:00,No Toilet Paper,22,cb355ed862e6e9c78a80bc232e1d665961525d672cf7dd1eafb9f0d508c9ff63,screened-not-selected,
54759259,92,recent,2019-08-23T05:01:12+00:00,2019-08-23T05:01:12+00:00,2026-09-09T19:06:45.721672+00:00,Mad Mav,39,6a0a542c96d99af1900e54da687b16e3a1b1a6d14dfc99e7fa61228fe216579f,screened-not-selected,
53164061,92,recent,2019-07-02T14:35:32+00:00,2019-07-02T14:35:32+00:00,2026-09-09T19:06:45.721672+00:00,lil uzert,9,fdf654ce4d1201e5ba92dad4781a239f067322a69623240b10e075fcf0ae18ed,screened-not-selected,
52074999,92,recent,2019-06-29T17:00:53+00:00,2019-06-29T17:00:53+00:00,2026-09-09T19:06:45.721672+00:00,One Ounce,12,2691b90797eeb7e1906ad3f937d9fa0aa889c957098ad0b6e7f56291175a9e6e,screened-not-selected,
44379238,92,recent,2018-08-26T00:42:19+00:00,2018-08-26T00:42:19+00:00,2026-09-09T19:06:45.721672+00:00,X-C-V,38,da7aeb979140a66ddeddf62a07f478e14b95968c07716d8b9c5201cc8045eb5d,screened-not-selected,
43169727,92,recent,2018-06-29T21:52:10+00:00,2018-06-29T21:52:10+00:00,2026-09-09T19:06:45.721672+00:00,QBZZZ,34,a3e56765b794754ffbbbbd2bb4d55276df87df155798f42b5a2ee8ef507bf420,screened-not-selected,
42435120,92,recent,2018-06-01T23:39:36+00:00,2018-06-01T23:39:36+00:00,2026-09-09T19:06:45.721672+00:00,maxtond.venetian,69,f752191afb11aaa39621dc08ce7e9fa000d2bbea397b9c80e8fdbb7a11ea7f9e,screened-not-selected,
40491625,92,recent,2018-03-01T17:11:48+00:00,2018-03-01T17:11:48+00:00,2026-09-09T19:06:45.721672+00:00,Yois111,87,eb60c8ab9a141be5e1a48de7721a3b752df4d0fa98b207485131f50f4acc2207,screened-not-selected,
39274036,92,recent,2018-01-12T06:12:39+00:00,2018-01-12T06:12:39+00:00,2026-09-09T19:06:45.721672+00:00,noodle,33,a9ec815cb776ffc087cba43a800b2c10247138c63fe36417b70efdc831d9c5be,screened-not-selected,
39188459,92,recent,2018-01-08T18:34:11+00:00,2018-01-08T18:34:11+00:00,2026-09-09T19:06:45.721672+00:00,a memory from the past </3,101,bc35d90ad9f69983bd4a42b02521695adb662cf160ad8a007bff3d9ed9b00d3c,screened-not-selected,
38950369,92,recent,2018-01-01T20:59:34+00:00,2018-01-01T20:59:34+00:00,2026-09-09T19:06:45.721672+00:00,Melee Only,32,38a827b4663597c2634107df0dcceedbfc827dc0c30ba46b17417f1370a83a62,screened-not-selected,
37698777,92,recent,2017-11-26T17:50:22+00:00,2017-11-26T17:50:22+00:00,2026-09-09T19:06:45.721672+00:00,bitbaron,57,73c2d42af2accb49ee663890104a471e1b13d845e5a4a0dcaf267e197b00df1e,screened-not-selected,
36471378,92,recent,2017-11-12T14:38:07+00:00,2017-11-12T14:38:07+00:00,2026-09-09T19:06:45.721672+00:00,Inconmon,2,496ac60c1ced683b13ed5e3a3e5465096ab4f3c524ff33c618de5487fcd9b83c,screened-not-selected,
35860334,92,recent,2017-10-20T10:21:00+00:00,2017-10-20T10:21:00+00:00,2026-09-09T19:06:45.721672+00:00,Bando,38,eb2616f498cc52496e86a754e6fe5dc5dfcb2120855abbc4abab93999c6a1bce,screened-not-selected,
34166009,92,recent,2017-08-11T11:00:08+00:00,2017-08-11T11:00:08+00:00,2026-09-09T19:06:45.721672+00:00,Panzer Commander Kat,99,019d8b620510b281e7a3fb4260ee657cec2219e1e62d6c3cba9a0fe0eb6c7f2a,screened-not-selected,
31955244,92,recent,2017-05-25T16:44:05+00:00,2022-01-27T02:01:39+00:00,2026-09-09T19:06:45.721672+00:00,2nd Class Janitor - Wilco,27,e0a6758460bed5d823a09e1637f6dc4b70141f5287f979324415499240934d06,screened-not-selected,
31587853,92,recent,2017-05-06T19:07:26+00:00,2017-05-06T19:07:26+00:00,2026-09-09T19:06:45.721672+00:00,sliderRED,14,1763f3ead74fb86413eef63064afc2060b21f6e861fc7587354242af7e140c60,screened-not-selected,
30324637,92,recent,2017-03-04T22:16:21+00:00,2017-03-04T22:16:21+00:00,2026-09-09T19:06:45.721672+00:00,MEZISH,13,b18786ff262d32026192ad1c91448c625e041ffae428d4ab381ca422711049c7,screened-not-selected,
29346332,92,recent,2017-01-18T23:24:16+00:00,2017-01-18T23:24:16+00:00,2026-09-09T19:06:45.721672+00:00,Waxxser,55,07983273f92e087b0bd5c73efd8175f0cc4700ad0736ff689c1078cee2fb980b,screened-not-selected,
28591053,92,recent,2016-12-24T11:23:14+00:00,2016-12-24T11:23:14+00:00,2026-09-09T19:06:45.721672+00:00,ak47,6,8a6660069daa61c35fccc8a0310aebbaf159e3477e4316a2be834a0fd51c17a9,screened-not-selected,
26991656,92,recent,2016-11-24T02:28:02+00:00,2019-06-24T11:52:16+00:00,2026-09-09T19:06:45.721672+00:00,Benzimi,30,3f8c1ce1657e360bf853b8c764e907b50206d29bc6ded68c4970105a109b6f1c,screened-not-selected,
26497370,92,recent,2016-11-09T00:53:46+00:00,2016-11-09T00:53:46+00:00,2026-09-09T19:06:45.721672+00:00,Naxza,148,44ab04c9d8a406e81a25c28cd5c817bad677e16796ba7561363f12920ad10f25,screened-not-selected,
25818273,92,recent,2016-10-02T10:51:26+00:00,2016-10-02T10:51:26+00:00,2026-09-09T19:06:45.721672+00:00,^7ja^1co,4,66d182adf15589f0b5482391a4508f86cc5722604f6d8d5605e5c79c3f9e28e4,screened-not-selected,
25715429,92,recent,2016-09-26T20:03:19+00:00,2016-09-26T20:03:19+00:00,2026-09-09T19:06:45.721672+00:00,ethan1142,23,ab3bf80ddc1b94a27279bfb52cc9255dc64f5c5f03ff20d29bb9b8be81e2fdf7,screened-not-selected,
24042801,92,recent,2016-07-03T09:32:26+00:00,2016-07-03T09:33:42+00:00,2026-09-09T19:06:45.721672+00:00,Apparently Kid,188,266cce0e09f493220275c979979494f8567517e40f0b5405f631e886114caacb,selected-evidence,save-integrity
24027399,92,recent,2016-07-02T20:37:17+00:00,2016-07-02T20:37:17+00:00,2026-09-09T19:06:45.721672+00:00,shinyarticuno,95,9c3ede509100cdfaae7131327250d564af283c3483d912d24087fa1f7d697a87,screened-not-selected,
23964516,92,recent,2016-06-30T19:53:58+00:00,2016-06-30T19:53:58+00:00,2026-09-09T19:06:45.721672+00:00,Deozaan,67,9cf5018203b8483dce3b63f29ca25268fa74fa0bba3b2a3ef376e2fa254d8980,screened-not-selected,
23510272,92,recent,2016-06-11T22:22:17+00:00,2016-06-11T22:22:17+00:00,2026-09-09T19:06:45.721672+00:00,ᴀʀᴋᴍ,25,d798d2da3c971853b4d1f0aa5e0a2dc0836e51ff8e68b1d3ce9f6aa781de732b,screened-not-selected,
23397349,92,recent,2016-06-05T10:28:24+00:00,2018-02-11T19:17:28+00:00,2026-09-09T19:06:45.721672+00:00,Foxxo,52,7a9609deab66d42e60367d961a7bca6a9308fcab9732173c0184961d5e80ab26,screened-not-selected,
22622863,92,recent,2016-04-25T02:26:14+00:00,2016-04-25T02:26:14+00:00,2026-09-09T19:06:45.721672+00:00,ferchomc_25,49,6988a074836ab36fbed49f533a5cb6fdd9165cd49494b9e6291e0c9911bbd51c,screened-not-selected,
21435292,92,recent,2016-02-25T00:37:40+00:00,2016-02-25T00:37:40+00:00,2026-09-09T19:06:45.721672+00:00,nor,242,98f44d1fc76219ce126ee890283f0242d67a15fcc922d65e6b3a239a0b36d8ba,selected-evidence,affordance-onboarding
20342080,92,recent,2016-01-06T04:51:51+00:00,2016-01-06T04:51:51+00:00,2026-09-09T19:06:45.721672+00:00,Kafrodius,46,18909333921de01aafc6674757c374d36b1a893fa8594832d006b24f7d30a3a4,screened-not-selected,
20018944,92,recent,2015-12-28T02:33:17+00:00,2015-12-28T02:33:17+00:00,2026-09-09T19:06:45.721672+00:00,jcheung,182,adea3c30a2363abf1d26fce29bcf7cbbdb46c689f6ce3001d62d383631b07904,screened-not-selected,
18650896,92,recent,2015-10-24T04:13:57+00:00,2015-10-24T04:13:57+00:00,2026-09-09T19:06:45.721672+00:00,Bigsatch,2,8c8ad50373802a3c8785a3c4ec06d6d7a729bea2585bd19f7d53bb1494dcba9a,screened-not-selected,
18339936,92,recent,2015-10-05T11:52:04+00:00,2015-10-05T12:30:34+00:00,2026-09-09T19:06:45.721672+00:00,zomgieee,135,384c69b07a6cbe13cbc9e8da4f5827fe97f890e29ef4602bb3152305488b591b,selected-evidence,ending-continuity
18323295,92,recent,2015-10-04T10:08:05+00:00,2015-10-04T10:08:05+00:00,2026-09-09T19:06:45.721672+00:00,Travanoid,166,756453537aaf77434b686ea4ca10f727eee76abb308ac1fe79a4f99af383b500,selected-evidence,visible-power;excavation-agency
18168604,92,recent,2015-09-24T06:18:22+00:00,2015-09-24T06:18:22+00:00,2026-09-09T19:06:45.721672+00:00,Vino [Olive Garden],222,2427ea8fd22d29eae5f7ff2ae9d3170423222ad4965bbc46bff230800e167115,screened-not-selected,
17685996,92,recent,2015-08-23T23:47:16+00:00,2015-08-23T23:47:16+00:00,2026-09-09T19:06:45.721672+00:00,VEKTA,357,d05f7784b155248e9cf70412d01cd31f022302597d253d7b2e6c61e01765f4e5,screened-not-selected,
17598970,92,recent,2015-08-18T14:24:30+00:00,2015-08-18T14:24:30+00:00,2026-09-09T19:06:45.721672+00:00,rade,433,02a84fd7dce5891aefe534e05c9e70dac3042dc70068cc380e1c0f1a3aa76b53,screened-not-selected,
17289972,92,recent,2015-07-29T23:48:29+00:00,2015-07-29T23:48:29+00:00,2026-09-09T19:06:45.721672+00:00,UveBeenPunished,43,51d0e04663402e2e988b3377434efb94e1a7e38aecd9b3bfd7114c24f5d9125f,screened-not-selected,
17227856,92,recent,2015-07-25T22:48:03+00:00,2015-07-25T22:48:03+00:00,2026-09-09T19:06:45.721672+00:00,TOASTEngineer,719,59db3e1ba199e1a48de516fdab945851317268bb85e786df44f9d07b07a9a6ea,selected-evidence,surface-payoff;warning-clarity
17162211,92,recent,2015-07-21T20:15:11+00:00,2017-03-05T11:56:54+00:00,2026-09-09T19:06:45.721672+00:00,W.A. the Anum,725,ad562b5e543398f0a744b8e342ad06e4a0e198ea397ec728e3d368104fdec75f,screened-not-selected,
17119913,92,recent,2015-07-19T07:13:08+00:00,2015-07-19T07:13:08+00:00,2026-09-09T19:06:45.721672+00:00,Kyresti,28,d208670b1853e830aedf59bf5e7149fd231892b5cf6e86cffe79e24cbd737525,screened-not-selected,
17047002,92,recent,2015-07-14T17:24:16+00:00,2015-07-14T17:24:16+00:00,2026-09-09T19:06:45.721672+00:00,DisturbedTK,62,60c3ae2dd9fc0dd2836486530f080231002757b2027e32e549cbd4ad327f2e2e,screened-not-selected,
16865238,92,recent,2015-07-03T18:44:46+00:00,2015-07-03T18:44:46+00:00,2026-09-09T19:06:45.721672+00:00,Drumbilical,94,bf42dab9cce84236fd1f964854df70fa4746f1404afc4f30cd8a357333005d7b,screened-not-selected,
16688405,92,recent,2015-06-25T01:10:51+00:00,2015-06-25T01:10:51+00:00,2026-09-09T19:06:45.721672+00:00,Lt. Labcoat,71,6d788e1c98976915db84d36a1cf7944678ac4153aeda4db240e407e3c418086e,screened-not-selected,
16512332,92,recent,2015-06-19T00:34:31+00:00,2015-06-19T00:34:31+00:00,2026-09-09T19:06:45.721672+00:00,Mikhail,1,15102094623e0e542bc72546918e052938abf6deccefb51599f313b0a1db3abe,screened-not-selected,
15804873,92,recent,2015-05-12T21:12:11+00:00,2015-05-12T21:12:11+00:00,2026-09-09T19:06:45.721672+00:00,GG Thompson,4,475d5639a1c838cc67c5c8b5b0fb53093314ce6075bc7fcf532a4f9ef7574efc,screened-not-selected,
15747095,92,recent,2015-05-08T23:21:44+00:00,2015-05-08T23:22:40+00:00,2026-09-09T19:06:45.721672+00:00,Masshuum,24,2dddbc012a7bbd1b2d592d6216e48d9c3dddc3b765b98dc5d4b4b7317cf543aa,screened-not-selected,
15013565,92,recent,2015-03-22T23:39:38+00:00,2015-03-22T23:39:38+00:00,2026-09-09T19:06:45.721672+00:00,Grant,7,c2afb94f006f054b6b058e8af5155e7150633623dc289be9b04179da1ff46e36,screened-not-selected,
14307366,92,recent,2015-02-03T07:11:58+00:00,2015-02-03T07:11:58+00:00,2026-09-09T19:06:45.721672+00:00,logankr94,17,e34c00202eac8f92355de2031441f4f1b991567744471d0d835f3aecd32eacf6,screened-not-selected,
14122479,92,recent,2015-01-23T07:14:54+00:00,2015-01-23T07:14:54+00:00,2026-09-09T19:06:45.721672+00:00,grImsoul,171,73f69013262f636bb992c527d0b495122cc30edef91709089eaa2e1987160c32,screened-not-selected,
14069434,92,recent,2015-01-19T17:52:04+00:00,2015-01-19T17:52:04+00:00,2026-09-09T19:06:45.721672+00:00,Lumpy Dumpy,1,dcf68affbd01bf720e9e205530fd3155ca5d0dbb1aa7b2501f264a109041c667,screened-not-selected,
13933559,92,recent,2015-01-11T00:10:45+00:00,2015-01-11T00:10:45+00:00,2026-09-09T19:06:45.721672+00:00,Grev Flagermus,40,30d6d124ae9e69f99997240b7f20f2266d69b68b449f872e25c4fac48c8a657c,screened-not-selected,
13521941,92,recent,2014-12-22T13:21:21+00:00,2014-12-22T13:21:21+00:00,2026-09-09T19:06:45.721672+00:00,Hawken,65,8842a94751af8095c475e5d1b655da3fc3c20ab0c3939eb7a7eb1c4c983f127d,screened-not-selected,
13049322,92,recent,2014-11-23T03:22:23+00:00,2014-11-23T03:22:23+00:00,2026-09-09T19:06:45.721672+00:00,😎OGDown😎,47,31411e0f53b57054bcc41e1c50e30f50b60db332d032a45114e40289ea4211d9,screened-not-selected,
12484715,92,recent,2014-10-14T04:43:59+00:00,2014-10-14T04:43:59+00:00,2026-09-09T19:06:45.721672+00:00,ricera,93,d49a26c1b98886930545f9760ba9c09d90ee94ba729727db777b85d13caf02bb,screened-not-selected,
12479238,92,recent,2014-10-13T17:48:56+00:00,2020-01-30T15:02:58+00:00,2026-09-09T19:06:45.721672+00:00,RubenKan,35,9f29881ec0cd2179e4302c346cdb7099086f624ba21a8be344a77fda96ca6615,screened-not-selected,
12466369,92,recent,2014-10-12T16:23:31+00:00,2014-10-12T16:23:31+00:00,2026-09-09T19:06:45.721672+00:00,Sir.Hisenberg,49,b32cde19f5fce9e0167b49740ce64ee7f931b6032d2870dddef50b593ae023a1,screened-not-selected,
12443402,92,recent,2014-10-11T03:38:05+00:00,2014-10-11T03:38:05+00:00,2026-09-09T19:06:45.721672+00:00,♥♥♥♥ OFF!,86,32109957123d6e15aacdcc16d9a1216a6f364a21f5deaf2e6eebb9a373688de8,screened-not-selected,
12397482,92,recent,2014-10-07T09:00:59+00:00,2014-10-07T09:00:59+00:00,2026-09-09T19:06:45.721672+00:00,Squirrelbrain,76,7b7beb65aed77e74737d4d825f339e49bb2661a990a7a41e9bdb77b10fff0a0d,screened-not-selected,
11327987,92,recent,2014-07-20T05:01:32+00:00,2014-07-20T05:07:04+00:00,2026-09-09T19:06:45.721672+00:00,KLJ2020,226,1e5eead5714d5578746de2651012145f563ae61018a06454ea861466cb317b02,screened-not-selected,
10981176,92,recent,2014-06-30T18:14:59+00:00,2014-06-30T18:14:59+00:00,2026-09-09T19:06:45.721672+00:00,Toast ♡,24,35277726a6fc1dd06b4223d687693aff7243555bdbc5e034a68851534ac9804d,screened-not-selected,
234310740,92,all|recent,2026-09-02T15:27:32+00:00,2026-09-02T15:27:32+00:00,2026-09-09T19:06:45.721672+00:00,mcnaughton339,1,18ac3e7343f016890c510e93f935261169d9e3f565436429830faf0934f4f8e4,screened-not-selected,
224626477,92,all|recent,2026-05-02T21:15:56+00:00,2026-05-02T21:15:56+00:00,2026-09-09T19:06:45.721672+00:00,Ad_From_Tonga,1,cdb4ee2aea69cc6a83331bbe96dc2caa9a299d21329efb0336fc02a82e1839a8,screened-not-selected,
219481413,92,all|recent,2026-02-28T21:34:22+00:00,2026-02-28T21:34:22+00:00,2026-09-09T19:06:45.721672+00:00,N0pe,1,cdb4ee2aea69cc6a83331bbe96dc2caa9a299d21329efb0336fc02a82e1839a8,screened-not-selected,
203258926,92,recent,2025-08-31T14:52:29+00:00,2025-08-31T14:52:29+00:00,2026-09-09T19:06:45.721672+00:00,rap_pa,21,32cc712f5b9174b735727929ca004a06fc47ab3cad5b59cb59db292ddae5b660,screened-not-selected,
202100545,92,recent,2025-08-14T09:56:46+00:00,2025-08-14T09:56:46+00:00,2026-09-09T19:06:45.721672+00:00,emcisbizy,277,1c45d50bfd2789746d2ae40c58d6487a8f90f6b166cf00e39c5bda31733fec18,selected-evidence,audience-boundary
201120473,92,recent,2025-07-31T06:03:04+00:00,2025-07-31T06:03:04+00:00,2026-09-09T19:06:45.721672+00:00,Visceroid,73,1208aff37590d884f559c361a84c35b0524b420ac74bf7db0e44d872f615f912,screened-not-selected,
199163770,92,recent,2025-07-07T01:59:19+00:00,2025-07-07T01:59:19+00:00,2026-09-09T19:06:45.721672+00:00,Echo,20,043416a5a010d4811623bb4633e954b1ee12034c6b4e6caa79c21c06eeef2c04,excluded-bundled-original-ambiguous,
199045129,92,recent,2025-07-05T19:41:18+00:00,2025-07-05T19:41:18+00:00,2026-09-09T19:06:45.721672+00:00,Unclearhat,49,1c7e52cef628a817150585dbbe6dee78552e807ad3df0c3c8e0e433d4d9177cb,screened-not-selected,
198706425,92,recent,2025-07-02T05:00:33+00:00,2025-07-02T05:00:33+00:00,2026-09-09T19:06:45.721672+00:00,ElfWord,6,ed3381c2e4556cc81499d07cbc839b0697567e9c55283760eb8dbc536c9736de,screened-not-selected,
198514728,92,recent,2025-06-30T02:09:36+00:00,2025-06-30T02:09:36+00:00,2026-09-09T19:06:45.721672+00:00,/dev/urandom,18,c6adec07e6f8e5b586ba67bdc1fa6b666350bb0f3d82583a572d40e7556c3c1c,excluded-bundled-original-ambiguous,
198150086,92,recent,2025-06-26T00:28:27+00:00,2025-06-26T00:28:27+00:00,2026-09-09T19:06:45.721672+00:00,Sgt. [REDACTED],193,95d8accbd5688aada4d5b7797abcb4091a86f7c5e99cf4de76d9d2df0f004955,selected-evidence,finite-recovery
197005903,92,recent,2025-06-12T00:08:58+00:00,2025-06-12T00:08:58+00:00,2026-09-09T19:06:45.721672+00:00,phantomisle,1,8f60515a0b80dee54a3636de03c2d6a459e3bcff2622fdd0a14af2b1d0c33bfe,screened-not-selected,
195024478,92,recent,2025-05-16T18:58:48+00:00,2025-05-16T18:58:48+00:00,2026-09-09T19:06:45.721672+00:00,Sukuru Aidoru⭕⃤,4,47f40960c8bdbd90a8b641c43f12b0c2a90519fc9879be09658b7e5742244eb3,excluded-bundled-goldium-only,
194306059,92,recent,2025-05-05T18:51:44+00:00,2025-05-05T18:51:44+00:00,2026-09-09T19:06:45.721672+00:00,TheLizard,13,a4e1598a71c84d70e3b085e6a7f2ab16b3d0b2ec457bda84ca853d99f92c7c99,screened-not-selected,
191838749,92,recent,2025-04-02T23:35:07+00:00,2025-04-02T23:35:07+00:00,2026-09-09T19:06:45.721672+00:00,Doctor Penißberg,5,05027f9aa8b9cb91429e0164c5534989642ae8cb5f447099d3c740fa237fa700,excluded-bundled-original-ambiguous,
190151647,92,recent,2025-03-14T09:24:34+00:00,2025-03-14T09:24:34+00:00,2026-09-09T19:06:45.721672+00:00,KaohsiungKowboy,3,7fafdd8f50f2125463491d24de99c83a64c70dd003ebf6f33307822bdbda8ca8,excluded-bundled-original-ambiguous,
190145758,92,recent,2025-03-14T06:54:56+00:00,2025-03-14T06:54:56+00:00,2026-09-09T19:06:45.721672+00:00,My Little Ponnis,28,9520f1d4de73e3b25eb58e55d1277bec0500188a9f4269c572fb0b126f71891e,screened-not-selected,
189975776,92,recent,2025-03-11T21:12:59+00:00,2025-03-11T21:12:59+00:00,2026-09-09T19:06:45.721672+00:00,Decipherus,3,9b5bab574df107d1f8db67ad69cf6b6ecd445e32d40e814d4a2bb8644680aa42,excluded-bundled-original-ambiguous,
189971204,92,recent,2025-03-11T19:55:51+00:00,2025-03-11T19:55:51+00:00,2026-09-09T19:06:45.721672+00:00,Commander Ketchup,54,a98ee23bbdec0c45689b1bc035f3963d21219b005e4d5084a2aff59ae3adf1df,screened-not-selected,
189879806,92,recent,2025-03-10T15:49:09+00:00,2025-03-10T15:49:09+00:00,2026-09-09T19:06:45.721672+00:00,jerryfurok,62,86b5893455e20653459a01f7a25f17bd311bc483dfe5fa12298629b746d2ef19,screened-not-selected,
226306412,92,recent,2026-05-24T13:23:31+00:00,2026-05-24T13:23:31+00:00,2026-09-09T19:06:45.721925+00:00,Lavinator,56,beaa66edc919edf02447bfc7954611d0caea779c708e069fea5451a0dbb55254,screened-not-selected,
226247132,92,recent,2026-05-23T19:06:02+00:00,2026-05-23T19:06:02+00:00,2026-09-09T19:06:45.721925+00:00,BubbleBeat,3,158c99588c6528a29cfb2e854f53a7c609a6cefab115361ef085e3cb2ae9d47e,screened-not-selected,
226184887,92,recent,2026-05-23T00:59:10+00:00,2026-05-23T00:59:10+00:00,2026-09-09T19:06:45.721925+00:00,Febloth,64,6e788023030eac028cd694ac26aae763a20b6a6c085ebdd2828561f6be5644b7,screened-not-selected,
225806193,92,recent,2026-05-17T23:42:37+00:00,2026-05-17T23:42:37+00:00,2026-09-09T19:06:45.721925+00:00,jesse.david.martin,4,d62fa70a164bee121d06449bb18597b6c5aec80aeb3ae1e5f234edc066a6ca6e,screened-not-selected,
225678633,92,recent,2026-05-16T16:32:49+00:00,2026-05-16T19:56:53+00:00,2026-09-09T19:06:45.721925+00:00,john darksouls 2,45,ab9efe5d8e95f563dd9e243c2ecdcb98034a0da4b0742f92401dc05df8ebc8f4,screened-not-selected,
225504780,92,recent,2026-05-14T20:37:41+00:00,2026-05-14T20:37:41+00:00,2026-09-09T19:06:45.721925+00:00,noturuwus,17,f958c411aa8c62e9b1ae3f41803a5dd569f7dd3db06f394c0fef204ddb4e3a49,screened-not-selected,
225238142,92,recent,2026-05-10T23:19:03+00:00,2026-05-10T23:19:03+00:00,2026-09-09T19:06:45.721925+00:00,triceratopthat,55,37d9f23b155a81f09892302317d5d22b34d3af35c894bcf8e5efa3007940f8b3,screened-not-selected,
224850363,92,recent,2026-05-05T20:03:50+00:00,2026-05-05T20:03:50+00:00,2026-09-09T19:06:45.721925+00:00,bootyscarf,5,5acb59de32554371ea5e9e6f3bb2b42c62e5a090bcc50b36de3ce82dc06332ae,screened-not-selected,
224803119,92,recent,2026-05-05T03:49:45+00:00,2026-05-05T03:49:45+00:00,2026-09-09T19:06:45.721925+00:00,Jar0Pickle,24,655235e95b42df8cd70045a91b3012dcdc1bc62f8726c1c14b3e2741e8ff4f3d,screened-not-selected,
224613815,92,recent,2026-05-02T18:20:45+00:00,2026-05-02T18:20:45+00:00,2026-09-09T19:06:45.721925+00:00,DonnieBigGuy,30,5dc7775acbae2c01d2922a6898eb3c349683d7bf6da6c586fef02d0729393757,screened-not-selected,
224088379,92,recent,2026-04-25T20:47:04+00:00,2026-04-25T20:47:04+00:00,2026-09-09T19:06:45.721925+00:00,TheWitchyWhench,42,76c9a1930cdd1de3c747f215d6075994a05b12f48a646a0eff1c61b4ae9b6c0f,screened-not-selected,
224013319,92,recent,2026-04-24T22:40:04+00:00,2026-04-24T22:40:04+00:00,2026-09-09T19:06:45.721925+00:00,Big_Ngs64,2,d9c178e6a0b51db80955a0c7e015f40a52d9a4f01140fe872fb8617460e6968a,screened-not-selected,
223951684,92,recent,2026-04-24T02:32:27+00:00,2026-04-24T02:32:27+00:00,2026-09-09T19:06:45.721925+00:00,LongDadTallLegs,53,13f7147691e6230bf1dd4e87f73db92df794e332b34a2b23cac781564e3d4520,screened-not-selected,
223898879,92,recent,2026-04-23T09:40:51+00:00,2026-04-23T09:40:51+00:00,2026-09-09T19:06:45.721925+00:00,Hayashi11,13,d5c14fecebcbd1f35cbf9180c40a76872a3235fbeca8b20545aa27936b0f51b1,screened-not-selected,
223897473,92,recent,2026-04-23T09:00:42+00:00,2026-04-23T09:00:42+00:00,2026-09-09T19:06:45.721925+00:00,Forester,146,9c8b175468c91e754d06577a630e53ae738e07ccb1daf46f5e7ec1154a212664,screened-not-selected,
223872574,92,recent,2026-04-22T21:51:47+00:00,2026-04-22T21:51:47+00:00,2026-09-09T19:06:45.721925+00:00,S1NN_O.P,44,1a235b9b9acc81fcb8deab9523255d1e999db8fde6be19dda5a9a8047e6aea1e,screened-not-selected,
223864200,92,recent,2026-04-22T19:16:36+00:00,2026-04-22T19:16:36+00:00,2026-09-09T19:06:45.721925+00:00,Windoki,3,471211b20f012466c0cab47a2abe1a709cc555a174db92a92f5900fd944f529e,screened-not-selected,
223692314,92,recent,2026-04-20T10:00:37+00:00,2026-04-20T10:00:37+00:00,2026-09-09T19:06:45.721925+00:00,SinfulNyx,63,cf307f279a098622e2924388574bce38fd0d1fdccc7b06edb7807deddc41922c,screened-not-selected,
223474974,92,recent,2026-04-17T20:02:11+00:00,2026-04-17T20:02:11+00:00,2026-09-09T19:06:45.721925+00:00,mayuze,29,6c0b3b48b638df5974f204b2fc35f84c50350ec030b07f0250f7b97d36c08491,screened-not-selected,
223352820,92,recent,2026-04-16T05:14:38+00:00,2026-04-16T05:14:38+00:00,2026-09-09T19:06:45.721925+00:00,twigleg2,3,04755809965451f6c9e16c8ae780de8f6bae333d4bb382b391245ebe94756945,screened-not-selected,
223078358,92,recent,2026-04-12T04:44:55+00:00,2026-04-12T04:44:55+00:00,2026-09-09T19:06:45.721925+00:00,KittyBittyTity,22,f07072d80696e8f4ae550bfba9967327356a871b68d41912bf6226a41b60166e,screened-not-selected,
223062646,92,recent,2026-04-11T23:29:25+00:00,2026-04-11T23:29:25+00:00,2026-09-09T19:06:45.721925+00:00,DrDeath,22,78ca958a3a3d28f5ab97f0e6382cc2e7dbcbdd36a3f98da052681540001fc9f8,screened-not-selected,
222979787,92,recent,2026-04-10T23:26:39+00:00,2026-04-10T23:26:39+00:00,2026-09-09T19:06:45.721925+00:00,mellycat,107,6bb3c09299cc1284e4dca57bdd29fc90dc7ced668fc6a14ccd77f5f8a298e8cc,selected-evidence,save-meaning
222546530,92,recent,2026-04-05T02:36:44+00:00,2026-04-05T02:36:44+00:00,2026-09-09T19:06:45.721925+00:00,OneShotWonder,45,5dd7e028f2c469b271f3a01d7e1471ff81d52f317b9ba82c642f9640a387a23b,screened-not-selected,
222511447,92,recent,2026-04-04T17:21:03+00:00,2026-04-04T17:21:03+00:00,2026-09-09T19:06:45.721925+00:00,kickassmelissa,18,dafbba800179ce619f41d43ecb5f9fb6db4eb42431f74f92a6c225fa2bca92b5,screened-not-selected,
222441544,92,recent,2026-04-03T21:34:43+00:00,2026-04-03T21:34:43+00:00,2026-09-09T19:06:45.721925+00:00,joeysname,7,3db797dc01784b744b34310faf5f9a6c8c6274238695c7b931dbfbfbd71b8751,screened-not-selected,
222320788,92,recent,2026-04-02T11:52:07+00:00,2026-04-02T11:52:07+00:00,2026-09-09T19:06:45.721925+00:00,Schizophrenic Wizard,13,4e26024c5343cd8a9b3b2b398da7825f07e320cf92edfe4fb33019c3994cfbf0,selected-evidence,completion-pressure
222128923,92,recent,2026-03-30T20:23:45+00:00,2026-03-30T20:23:45+00:00,2026-09-09T19:06:45.721925+00:00,Pidge,17,7d6a55a6645dad74b09e68cdc8ced79411e74a52383303bbc2cf3c9043fb669e,screened-not-selected,
222120298,92,recent,2026-03-30T18:14:43+00:00,2026-03-30T18:14:43+00:00,2026-09-09T19:06:45.721925+00:00,Tuberus,5,72871a13d576ae020f53c77046e3ee93e6872b75afe4620514d3f50b814dc377,screened-not-selected,
222004745,92,recent,2026-03-29T10:56:46+00:00,2026-03-29T10:56:46+00:00,2026-09-09T19:06:45.721925+00:00,POOR SITUATIONAL AWARENESS,206,930a6089a501206d91e7a385d41fd5a59f33595b0354d2d165240e1f7168ce61,selected-evidence,discovery-expectation;ending-continuity
221723001,92,recent,2026-03-26T06:31:49+00:00,2026-03-26T06:31:49+00:00,2026-09-09T19:06:45.721925+00:00,Drops,21,caf0a6eb282a6bd20ed0175a3f41a42627d6284cc1dd7c749aa4c9a7f1019a99,screened-not-selected,
221344241,92,recent,2026-03-22T03:43:26+00:00,2026-03-22T03:43:26+00:00,2026-09-09T19:06:45.721925+00:00,Red,3,90d7a1b97f8507eeaf2ace062343e946e0cdb60f8a19e3f6e59cb9a72009a3f5,screened-not-selected,
221303948,92,recent,2026-03-21T18:59:33+00:00,2026-03-21T18:59:33+00:00,2026-09-09T19:06:45.721925+00:00,JayMayo,170,f26389c4c2585ca05d13e23926b4630f001702d49fdc73683249cc36ab74be5e,selected-evidence,ending-continuity
221190829,92,recent,2026-03-20T19:28:18+00:00,2026-03-20T19:28:18+00:00,2026-09-09T19:06:45.721925+00:00,yin,5,668b5f65eedeb7dc1bb40d7a96f089e57856d54937ad7c9c759c09727a8094a9,screened-not-selected,
221007891,92,recent,2026-03-18T21:42:32+00:00,2026-03-18T21:42:32+00:00,2026-09-09T19:06:45.721925+00:00,miloc6101,3,c8a5ec67c44a85215e9c2f7174b1e91392b444305ebd7b3905ba2fc292e21133,screened-not-selected,
220459877,92,recent,2026-03-12T00:19:05+00:00,2026-03-12T00:19:05+00:00,2026-09-09T19:06:45.721925+00:00,ikeatable243,29,39d77429251fd3a3bf78ba6bd3fedca6b94a84466ee03adfc30e2f9003a502e5,screened-not-selected,
220346246,92,recent,2026-03-10T12:54:57+00:00,2026-03-10T12:54:57+00:00,2026-09-09T19:06:45.721925+00:00,FalcoMaster3K,1,f9b0078b5df596d2ea19010c001bbd009e651de2c57e8fb7e355f31eb9d3f739,screened-not-selected,
220222689,92,recent,2026-03-08T21:22:25+00:00,2026-03-08T21:22:25+00:00,2026-09-09T19:06:45.721925+00:00,6lancmange,232,be298be5b230fb4972d27a6409ad88c8cc2b89924bcebede61071bfe638f5899,screened-not-selected,
220180131,92,recent,2026-03-08T12:47:47+00:00,2026-03-08T12:47:47+00:00,2026-09-09T19:06:45.721925+00:00,Capysussa,116,991cfc0e5d6d36f6fe1a83c3ed6d7a5e5cf059d08f8829a435685d5a46a5c781,screened-not-selected,
219912670,92,recent,2026-03-05T20:05:10+00:00,2026-03-05T20:05:10+00:00,2026-09-09T19:06:45.721925+00:00,shelby.hewitt7,4,8d7f586cd85f8d2fcf57f6eb6d9c4937679d93f1361329ccf2d89b3e5c5ca129,screened-not-selected,
219792462,92,recent,2026-03-04T12:54:53+00:00,2026-03-04T12:54:53+00:00,2026-09-09T19:06:45.721925+00:00,V,4,0796863cfb02a19758588d23b00a81da3428a3c1490f8baf36398259a870850c,screened-not-selected,
219692358,92,recent,2026-03-03T07:22:53+00:00,2026-03-03T07:22:53+00:00,2026-09-09T19:06:45.721925+00:00,stoned4206969,28,ed515f2ba332bc1b98bdbf98e2d924d12d277e2baac1fe37b9796e467ceced22,selected-evidence,finite-recovery
219410857,92,recent,2026-02-28T05:21:22+00:00,2026-02-28T05:21:22+00:00,2026-09-09T19:06:45.721925+00:00,ethan.h.kruger,101,e06a7f0d601b36c7700e3d470f24cce592ca36ecf87d9cdb94b417e44571b9e9,screened-not-selected,
218806303,92,recent,2026-02-20T20:34:13+00:00,2026-02-20T20:34:13+00:00,2026-09-09T19:06:45.721925+00:00,Paru,23,fc554263e71c578dca8c65e6c007fc96c0a5cd003bcbc97753901982e4eeae1b,screened-not-selected,
218600487,92,recent,2026-02-18T04:57:28+00:00,2026-02-18T04:57:28+00:00,2026-09-09T19:06:45.721925+00:00,dicksniffer22,2,0db84002a7d39580fd011198d7137ee8767b2f36819c0fd233a211c9e403c8a1,screened-not-selected,
218466966,92,recent,2026-02-16T15:03:45+00:00,2026-02-16T15:03:45+00:00,2026-09-09T19:06:45.721925+00:00,Jinko,64,a29475006d10dc2ed8f38359056faa04d8471712c2e1053c3c87c55797c66971,screened-not-selected,
218411340,92,recent,2026-02-15T20:03:19+00:00,2026-02-15T20:03:19+00:00,2026-09-09T19:06:45.721925+00:00,Wesir,15,6ef72f035ad33f7a70b6f4087d0c49a8ea34decd6b52d5f789abc8b4712d49be,screened-not-selected,
218344175,92,recent,2026-02-15T01:12:00+00:00,2026-02-15T01:12:00+00:00,2026-09-09T19:06:45.721925+00:00,AlexanderC321,8,37c536d711354355684d2d210b6ccef135709e3b2271e828bdbf63628f96b691,screened-not-selected,
217610927,92,recent,2026-02-05T07:34:29+00:00,2026-02-05T07:34:29+00:00,2026-09-09T19:06:45.721925+00:00,chaosandcoffee,62,4f9d0d3acb8bbc580f7dc47233a54f58cfce799ee00b1549de70659b7dcc713d,screened-not-selected,
217491649,92,recent,2026-02-03T13:49:20+00:00,2026-02-03T13:49:20+00:00,2026-09-09T19:06:45.721925+00:00,Wolfman_J,9,5dc567faa5b9092a33d43932d8a2d233e863eae24c9c3afc26780ccddaa368fa,screened-not-selected,
217400211,92,recent,2026-02-02T04:16:48+00:00,2026-02-02T04:16:48+00:00,2026-09-09T19:06:45.721925+00:00,Lolopolko,25,a8e0d983c3f4e8ef4141d3765f98a855a802f99000cc5adb1b9e6087299d0eba,screened-not-selected,
217335712,92,recent,2026-02-01T11:46:25+00:00,2026-02-01T11:46:25+00:00,2026-09-09T19:06:45.721925+00:00,Wilty,39,b8c0a30a81e0cdb2e7e3b54500cadc690d1ea342679eaa0f143ea5afaed0a001,screened-not-selected,
217272042,92,recent,2026-01-31T17:59:06+00:00,2026-01-31T17:59:06+00:00,2026-09-09T19:06:45.721925+00:00,[SalsaParty]Talivan,26,b797e9d4ef812f35f826ffbbd795672634d4b8d4fb17d7a0b131b57e1c700eb9,screened-not-selected,
217159946,92,recent,2026-01-30T12:22:23+00:00,2026-01-30T12:22:23+00:00,2026-09-09T19:06:45.721925+00:00,Radny,34,cd7a63f859398503c1e85f78c7bf34a818248a3ead80d0346c8dc7031ea23f37,screened-not-selected,
217129641,92,recent,2026-01-30T00:06:23+00:00,2026-01-30T00:06:23+00:00,2026-09-09T19:06:45.721925+00:00,Nahkis,4,4e468ccc1f850fc41be2cb302a31db37041ac13d12a863d00ecdd70b84dcf790,screened-not-selected,
217025446,92,recent,2026-01-28T14:54:21+00:00,2026-01-28T14:54:21+00:00,2026-09-09T19:06:45.721925+00:00,HolyTemplar,72,7f0366d3a4bc96932dbb0ad161662473a480d0b336a41fd8ea51741da12b0c70,screened-not-selected,
216719186,92,recent,2026-01-24T21:22:24+00:00,2026-01-24T21:22:24+00:00,2026-09-09T19:06:45.721925+00:00,The Digster,1,f77f86682169885caeabaf1a93d65b7cff45df85ec4aa862889234fa9618766b,screened-not-selected,
216670371,92,recent,2026-01-24T08:50:22+00:00,2026-01-24T08:50:22+00:00,2026-09-09T19:06:45.721925+00:00,LUMINO,330,30ad796e46c8e66bdb06b93a4a40e289f61c7c5b7cfe5f6f329f60b696088c2e,screened-not-selected,
216581764,92,recent,2026-01-23T01:53:33+00:00,2026-01-23T01:53:33+00:00,2026-09-09T19:06:45.721925+00:00,keithk2029,124,522fd877c5230ed211dc725624ffa400c44cac1ed5da8db93ee0ffb8ab618b15,screened-not-selected,
216561078,92,recent,2026-01-22T19:03:32+00:00,2026-01-22T19:03:32+00:00,2026-09-09T19:06:45.721925+00:00,GunneryDog,16,bc2c25517830a8e177bb8e6e86a5692e70b3c2cf9d78c4060d57a82819c924d8,screened-not-selected,
216128429,92,recent,2026-01-17T02:35:07+00:00,2026-01-17T02:35:07+00:00,2026-09-09T19:06:45.721925+00:00,Jethro Sigwilder,58,4a555281d02dde493c6cbf4c1a415462f031fa34b85a012afb6899a26f8294ed,screened-not-selected,
216054924,92,recent,2026-01-16T02:21:56+00:00,2026-01-16T02:21:56+00:00,2026-09-09T19:06:45.721925+00:00,Mad Cafinenator,47,988a814a505e0a6282a2ed05deb990df8bb318e9769f427153ff4cdabecd92f3,screened-not-selected,
215961386,92,recent,2026-01-14T15:20:08+00:00,2026-01-14T15:20:08+00:00,2026-09-09T19:06:45.721925+00:00,chloemariew55,9,63e3d18e990a6625d776354ea8fae2823dd6426ec5140b2f4c0fe7a4555288e9,screened-not-selected,
215884683,92,recent,2026-01-13T10:43:59+00:00,2026-01-13T10:43:59+00:00,2026-09-09T19:06:45.721925+00:00,hitry,2,9daadf17bc152da3aaefceb027ef25f760b07742d67c7a6ed7594accce89e386,screened-not-selected,
215867551,92,recent,2026-01-13T02:49:28+00:00,2026-01-13T02:49:28+00:00,2026-09-09T19:06:45.721925+00:00,Astey,148,51d7a340c91104d24a1d7a44ca972378ab48aa5ef9ab896619934701ef22cac9,screened-not-selected,
215822402,92,recent,2026-01-12T13:31:04+00:00,2026-01-12T13:31:04+00:00,2026-09-09T19:06:45.721925+00:00,Murf,149,711cf35aed0023eb7c1986e4d05e374c7edbc4842a8d1dbdd2da0f5f23b67b44,screened-not-selected,
215656366,92,recent,2026-01-10T15:17:51+00:00,2026-01-10T15:17:51+00:00,2026-09-09T19:06:45.721925+00:00,Bed_Bug_Tamer,48,b8636ae890657cc2a154fb04e33dd022cb287fd4d0be0f815bca5a6f91f6bb9e,screened-not-selected,
215549884,92,recent,2026-01-09T10:13:04+00:00,2026-01-09T10:13:04+00:00,2026-09-09T19:06:45.721925+00:00,lalaleker,20,a1a3473af7ddbdfa18c993f299bce62335d1bdbca3661b5c0e8ecba3a2953a35,screened-not-selected,
215441313,92,recent,2026-01-07T23:36:38+00:00,2026-01-07T23:36:38+00:00,2026-09-09T19:06:45.721925+00:00,Shotgun2010,22,426608f2e8fbc733504bccda69ba48b2b789197b6f321f06adbed832b360668f,screened-not-selected,
215042631,92,recent,2026-01-03T18:10:59+00:00,2026-01-03T18:10:59+00:00,2026-09-09T19:06:45.721925+00:00,aquagirl555,154,a2c207bed59f2cae9c8ef0149a71c34fd2177083f2890009db41b6146aad3fc7,selected-evidence,recoverable-finds
215036237,92,recent,2026-01-03T16:59:34+00:00,2026-01-03T16:59:34+00:00,2026-09-09T19:06:45.721925+00:00,RubyRanger21,1,0e416c0f1cbecd264eb729831e8086e9ed9c5a6a92fc0ba38eae28740ec296fe,screened-not-selected,
214880299,92,recent,2026-01-02T02:55:51+00:00,2026-01-02T02:55:51+00:00,2026-09-09T19:06:45.721925+00:00,AshKazam,3,df3f3480fbfe77448d4d4e3a5ed222da6c919cc5c6aa208859fd0d1bd159c3d8,screened-not-selected,
214844483,92,recent,2026-01-01T18:59:28+00:00,2026-01-01T18:59:28+00:00,2026-09-09T19:06:45.721925+00:00,ZortPointNarf,17,23e32fcef2d154d220741a389566257a180c46349eba52215393db91823a4a63,screened-not-selected,
214700402,92,recent,2025-12-31T02:47:50+00:00,2025-12-31T02:47:50+00:00,2026-09-09T19:06:45.721925+00:00,Kinito,88,109cbc2d26bde1255c13e2d1c98720215cbb9805fd573fb5701b9b810d577212,screened-not-selected,
214552716,92,recent,2025-12-29T15:48:10+00:00,2025-12-29T15:48:10+00:00,2026-09-09T19:06:45.721925+00:00,tomboy,160,d98f407ba8b562f73e5a6845620e641f632dbe70a0160f961d3ada8241f22ebe,screened-not-selected,
213952712,92,all,2025-12-22T22:38:41+00:00,2025-12-22T22:38:41+00:00,2026-09-09T19:06:45.721925+00:00,Omgtr,14,547c079a33c7228d28c01becf5b2cddc37d563065b51c607a3b6e639050d2713,screened-not-selected,
217969381,92,all,2026-02-09T23:19:01+00:00,2026-02-09T23:19:01+00:00,2026-09-09T19:06:45.721925+00:00,Mictlantecuhtli,25,47a6414f8750258a4e455def8a22001a780bc3b023e18e415c0d58c5d6207572,screened-not-selected,
220215942,92,all,2026-03-08T19:57:36+00:00,2026-03-08T19:58:04+00:00,2026-09-09T19:06:45.721925+00:00,Sajka,67,af3cb849001e3b4c5dd7253f7511e553cf1c003c11fc4db9474fc5fa93850935,screened-not-selected,
222382282,92,all,2026-04-03T05:43:39+00:00,2026-05-08T00:37:01+00:00,2026-09-09T19:06:45.721925+00:00,NPC Player,22,5e957d44b584f9dd72bef5676758c88c8bc03449ce75f2c67e26a75ccd07704a,screened-not-selected,
215710545,92,all,2026-01-11T03:41:09+00:00,2026-01-11T15:43:15+00:00,2026-09-09T19:06:45.721925+00:00,Shotgun Justice,111,65ba2ee4b437b8c115da94bd6ac75cc1df88c6abf410b6dc1b7cc758cfd4da9f,selected-evidence,excavation-agency
224643039,92,all,2026-05-03T02:27:41+00:00,2026-05-03T02:27:41+00:00,2026-09-09T19:06:45.721925+00:00,vexater,37,1eb921d4172fed8ccf4341d7ef75da36e5ae1d4cfe04ec224431689c950354eb,screened-not-selected,
219801263,92,all,2026-03-04T14:46:25+00:00,2026-03-04T14:46:25+00:00,2026-09-09T19:06:45.721925+00:00,sixthbrick,47,92f692b36b823064c19b4e2db79afebd91df4cdfb6e1356aa56c3c50ef57a8c0,selected-evidence,excavation-agency
207929926,92,all,2025-10-30T03:54:47+00:00,2025-10-30T03:54:47+00:00,2026-09-09T19:06:45.721925+00:00,Descryptic,43,d9a31265c225aa2d002bee5042691742c2fdfd5aa2f718ee8192bcb2fad544ea,selected-evidence,attention-budget
206666740,92,all,2025-10-13T21:29:52+00:00,2025-10-13T21:29:52+00:00,2026-09-09T19:06:45.721925+00:00,Corbuzz,60,8eeee2f54ff9263dd7717be92f49822f6b60b4fb6b7bb134e6dc9990002ee7a4,screened-not-selected,
207623803,92,all,2025-10-26T10:03:27+00:00,2025-10-26T10:03:27+00:00,2026-09-09T19:06:45.721925+00:00,BriskBoy,161,5f4304677957af9b8553b3252ce7bc2731366e471b6166980d15d5f538f1c2ce,screened-not-selected,
225849029,92,all,2026-05-18T15:24:09+00:00,2026-05-22T00:57:21+00:00,2026-09-09T19:06:45.721925+00:00,Dr Catnip,99,baa61f5406bc3dd35c5cd2851256d078fd1204f6d4b5dba9d978457757a893ba,selected-evidence,saved-recognition
205967352,92,all,2025-10-05T16:48:11+00:00,2025-10-05T16:48:11+00:00,2026-09-09T19:06:45.721925+00:00,Help! Raccoons took my penis!,19,4ea4883be8d361bcf496b70fb0d0a1d21e7b0725a1586991953b9d2a1a88a468,screened-not-selected,
231564314,92,all,2026-07-29T04:17:36+00:00,2026-07-29T04:17:36+00:00,2026-09-09T19:06:45.721925+00:00,Ogresmasher,237,6f400476a10a876e34fc54a06abe0c7c2e37c76e85fdd7a4cb68459d476aa754,screened-not-selected,
229760419,92,all,2026-07-06T11:44:01+00:00,2026-07-06T11:44:01+00:00,2026-09-09T19:06:45.721925+00:00,Kryos,52,8eb48b6db432b850790465d1625bf818badc3cac937f230ba999763c1ae102f5,selected-evidence,short-game-value
212777644,92,all,2025-12-07T14:08:00+00:00,2025-12-07T14:15:46+00:00,2026-09-09T19:06:45.721925+00:00,Poltergeist,76,ec41cfc9df2aa731751170c9c8fe75ce8319e0eb4d68a769fcc22086e4b272b8,screened-not-selected,
231446584,92,all,2026-07-27T15:30:58+00:00,2026-07-27T15:30:58+00:00,2026-09-09T19:06:45.721925+00:00,DEM1AL,31,fb593836efe0eb3d3ea6d87925214c1b8fa1331cda9600461c860e3a7a99235e,screened-not-selected,
213647749,92,all,2025-12-19T15:00:41+00:00,2025-12-19T15:00:41+00:00,2026-09-09T19:06:45.721925+00:00,voodoo98,9,04a9a6801b1f914841d6e48da15d0604f5d31ad61b9c54543d60f0a7a73c742c,screened-not-selected,
223332005,92,all,2026-04-15T20:43:47+00:00,2026-04-15T20:43:47+00:00,2026-09-09T19:06:45.721925+00:00,Rettacera,63,dfa1d2f3e398c2f7deaefc979c58578bfc42b1be81dabdd2522ed574fa86c39a,selected-evidence,visible-power
226709062,92,all,2026-05-29T16:23:19+00:00,2026-05-29T17:12:27+00:00,2026-09-09T19:06:45.721925+00:00,imminiman,69,a84ab52894774cd5f9cd7f3560be9b99b884ad27e13f366b2d4881dd81e308d6,selected-evidence,completion-pressure
228362506,92,all,2026-06-19T21:36:19+00:00,2026-06-19T21:36:19+00:00,2026-09-09T19:06:45.721925+00:00,Crusty Crabs,36,e92cfff3afe1f1409c110e075adcd28eb472297d0c4419e65ace47e5347fdbf8,screened-not-selected,
